experiment,true_label,predicted_label
baseline,1,1
baseline,4,4
baseline,1,1
baseline,5,5
baseline,3,3
baseline,0,0
baseline,2,5
baseline,3,3
baseline,0,0
baseline,0,0
baseline,5,5
baseline,2,2
baseline,0,0
baseline,2,2
baseline,0,0
baseline,2,2
baseline,3,3
baseline,3,3
baseline,0,0
baseline,0,0
baseline,1,1
baseline,4,4
baseline,2,2
baseline,4,4
baseline,5,5
baseline,1,4
baseline,4,4
baseline,5,5
baseline,1,1
baseline,3,2
baseline,5,5
baseline,1,1
baseline,3,3
baseline,3,3
baseline,3,3
baseline,5,5
baseline,5,5
baseline,0,0
baseline,2,2
baseline,1,1
baseline,0,0
baseline,3,3
baseline,5,5
baseline,4,4
baseline,5,5
baseline,2,2
baseline,2,2
baseline,2,2
baseline,3,2
baseline,4,4
baseline,0,0
baseline,0,0
baseline,0,0
baseline,1,1
baseline,4,5
baseline,4,4
baseline,3,4
baseline,2,2
baseline,5,5
baseline,4,1
baseline,2,5
baseline,5,5
baseline,5,5
baseline,4,4
baseline,1,1
baseline,1,1
baseline,2,3
baseline,1,1
baseline,1,1
baseline,4,4
baseline,3,3
baseline,4,4
remove_x,1,1
remove_x,4,4
remove_x,1,1
remove_x,5,5
remove_x,3,3
remove_x,0,0
remove_x,2,5
remove_x,3,3
remove_x,0,0
remove_x,0,0
remove_x,5,5
remove_x,2,2
remove_x,0,0
remove_x,2,2
remove_x,0,0
remove_x,2,2
remove_x,3,2
remove_x,3,3
remove_x,0,0
remove_x,0,0
remove_x,1,1
remove_x,4,4
remove_x,2,2
remove_x,4,4
remove_x,5,5
remove_x,1,1
remove_x,4,4
remove_x,5,5
remove_x,1,1
remove_x,3,2
remove_x,5,5
remove_x,1,1
remove_x,3,3
remove_x,3,3
remove_x,3,1
remove_x,5,5
remove_x,5,5
remove_x,0,0
remove_x,2,2
remove_x,1,1
remove_x,0,0
remove_x,3,2
remove_x,5,5
remove_x,4,4
remove_x,5,5
remove_x,2,2
remove_x,2,2
remove_x,2,2
remove_x,3,2
remove_x,4,4
remove_x,0,0
remove_x,0,0
remove_x,0,0
remove_x,1,1
remove_x,4,5
remove_x,4,4
remove_x,3,4
remove_x,2,2
remove_x,5,5
remove_x,4,1
remove_x,2,5
remove_x,5,5
remove_x,5,5
remove_x,4,4
remove_x,1,1
remove_x,1,1
remove_x,2,3
remove_x,1,1
remove_x,1,1
remove_x,4,4
remove_x,3,3
remove_x,4,4
remove_y,1,1
remove_y,4,4
remove_y,1,1
remove_y,5,5
remove_y,3,3
remove_y,0,0
remove_y,2,5
remove_y,3,3
remove_y,0,0
remove_y,0,0
remove_y,5,5
remove_y,2,2
remove_y,0,0
remove_y,2,2
remove_y,0,0
remove_y,2,2
remove_y,3,2
remove_y,3,3
remove_y,0,0
remove_y,0,0
remove_y,1,1
remove_y,4,3
remove_y,2,2
remove_y,4,4
remove_y,5,5
remove_y,1,1
remove_y,4,4
remove_y,5,5
remove_y,1,1
remove_y,3,2
remove_y,5,5
remove_y,1,1
remove_y,3,3
remove_y,3,4
remove_y,3,3
remove_y,5,5
remove_y,5,2
remove_y,0,0
remove_y,2,2
remove_y,1,1
remove_y,0,0
remove_y,3,3
remove_y,5,5
remove_y,4,4
remove_y,5,5
remove_y,2,2
remove_y,2,2
remove_y,2,5
remove_y,3,2
remove_y,4,4
remove_y,0,0
remove_y,0,0
remove_y,0,0
remove_y,1,1
remove_y,4,2
remove_y,4,4
remove_y,3,1
remove_y,2,2
remove_y,5,5
remove_y,4,1
remove_y,2,5
remove_y,5,5
remove_y,5,5
remove_y,4,3
remove_y,1,1
remove_y,1,1
remove_y,2,2
remove_y,1,1
remove_y,1,1
remove_y,4,4
remove_y,3,3
remove_y,4,4
remove_z,1,1
remove_z,4,4
remove_z,1,1
remove_z,5,5
remove_z,3,3
remove_z,0,0
remove_z,2,5
remove_z,3,3
remove_z,0,0
remove_z,0,0
remove_z,5,5
remove_z,2,3
remove_z,0,0
remove_z,2,2
remove_z,0,0
remove_z,2,2
remove_z,3,4
remove_z,3,3
remove_z,0,0
remove_z,0,0
remove_z,1,1
remove_z,4,4
remove_z,2,2
remove_z,4,4
remove_z,5,5
remove_z,1,5
remove_z,4,4
remove_z,5,5
remove_z,1,1
remove_z,3,2
remove_z,5,5
remove_z,1,1
remove_z,3,3
remove_z,3,2
remove_z,3,1
remove_z,5,5
remove_z,5,5
remove_z,0,0
remove_z,2,2
remove_z,1,1
remove_z,0,0
remove_z,3,2
remove_z,5,5
remove_z,4,4
remove_z,5,5
remove_z,2,2
remove_z,2,2
remove_z,2,2
remove_z,3,2
remove_z,4,4
remove_z,0,0
remove_z,0,0
remove_z,0,0
remove_z,1,1
remove_z,4,5
remove_z,4,4
remove_z,3,4
remove_z,2,2
remove_z,5,5
remove_z,4,5
remove_z,2,5
remove_z,5,5
remove_z,5,5
remove_z,4,4
remove_z,1,4
remove_z,1,1
remove_z,2,3
remove_z,1,1
remove_z,1,1
remove_z,4,4
remove_z,3,3
remove_z,4,4
remove_x_y,1,1
remove_x_y,4,2
remove_x_y,1,1
remove_x_y,5,5
remove_x_y,3,3
remove_x_y,0,0
remove_x_y,2,5
remove_x_y,3,3
remove_x_y,0,0
remove_x_y,0,0
remove_x_y,5,5
remove_x_y,2,2
remove_x_y,0,0
remove_x_y,2,2
remove_x_y,0,0
remove_x_y,2,2
remove_x_y,3,2
remove_x_y,3,3
remove_x_y,0,0
remove_x_y,0,0
remove_x_y,1,1
remove_x_y,4,3
remove_x_y,2,3
remove_x_y,4,4
remove_x_y,5,5
remove_x_y,1,1
remove_x_y,4,4
remove_x_y,5,5
remove_x_y,1,1
remove_x_y,3,3
remove_x_y,5,5
remove_x_y,1,1
remove_x_y,3,3
remove_x_y,3,2
remove_x_y,3,3
remove_x_y,5,5
remove_x_y,5,2
remove_x_y,0,0
remove_x_y,2,2
remove_x_y,1,1
remove_x_y,0,0
remove_x_y,3,3
remove_x_y,5,5
remove_x_y,4,4
remove_x_y,5,5
remove_x_y,2,2
remove_x_y,2,2
remove_x_y,2,5
remove_x_y,3,2
remove_x_y,4,4
remove_x_y,0,0
remove_x_y,0,0
remove_x_y,0,0
remove_x_y,1,1
remove_x_y,4,3
remove_x_y,4,4
remove_x_y,3,1
remove_x_y,2,2
remove_x_y,5,5
remove_x_y,4,1
remove_x_y,2,5
remove_x_y,5,3
remove_x_y,5,5
remove_x_y,4,2
remove_x_y,1,1
remove_x_y,1,1
remove_x_y,2,2
remove_x_y,1,1
remove_x_y,1,1
remove_x_y,4,4
remove_x_y,3,3
remove_x_y,4,4
remove_x_z,1,1
remove_x_z,4,4
remove_x_z,1,1
remove_x_z,5,5
remove_x_z,3,3
remove_x_z,0,0
remove_x_z,2,5
remove_x_z,3,3
remove_x_z,0,0
remove_x_z,0,0
remove_x_z,5,5
remove_x_z,2,3
remove_x_z,0,0
remove_x_z,2,2
remove_x_z,0,0
remove_x_z,2,2
remove_x_z,3,4
remove_x_z,3,3
remove_x_z,0,0
remove_x_z,0,0
remove_x_z,1,1
remove_x_z,4,4
remove_x_z,2,2
remove_x_z,4,4
remove_x_z,5,5
remove_x_z,1,4
remove_x_z,4,4
remove_x_z,5,5
remove_x_z,1,1
remove_x_z,3,2
remove_x_z,5,5
remove_x_z,1,1
remove_x_z,3,3
remove_x_z,3,2
remove_x_z,3,1
remove_x_z,5,5
remove_x_z,5,5
remove_x_z,0,0
remove_x_z,2,2
remove_x_z,1,1
remove_x_z,0,0
remove_x_z,3,2
remove_x_z,5,5
remove_x_z,4,4
remove_x_z,5,5
remove_x_z,2,2
remove_x_z,2,2
remove_x_z,2,2
remove_x_z,3,2
remove_x_z,4,4
remove_x_z,0,0
remove_x_z,0,0
remove_x_z,0,0
remove_x_z,1,1
remove_x_z,4,5
remove_x_z,4,4
remove_x_z,3,4
remove_x_z,2,2
remove_x_z,5,5
remove_x_z,4,5
remove_x_z,2,5
remove_x_z,5,5
remove_x_z,5,5
remove_x_z,4,4
remove_x_z,1,1
remove_x_z,1,1
remove_x_z,2,3
remove_x_z,1,1
remove_x_z,1,1
remove_x_z,4,4
remove_x_z,3,3
remove_x_z,4,4
remove_y_z,1,1
remove_y_z,4,4
remove_y_z,1,1
remove_y_z,5,5
remove_y_z,3,2
remove_y_z,0,0
remove_y_z,2,5
remove_y_z,3,2
remove_y_z,0,0
remove_y_z,0,0
remove_y_z,5,4
remove_y_z,2,2
remove_y_z,0,0
remove_y_z,2,2
remove_y_z,0,0
remove_y_z,2,2
remove_y_z,3,4
remove_y_z,3,2
remove_y_z,0,0
remove_y_z,0,0
remove_y_z,1,1
remove_y_z,4,4
remove_y_z,2,2
remove_y_z,4,4
remove_y_z,5,5
remove_y_z,1,1
remove_y_z,4,2
remove_y_z,5,5
remove_y_z,1,1
remove_y_z,3,2
remove_y_z,5,4
remove_y_z,1,5
remove_y_z,3,3
remove_y_z,3,4
remove_y_z,3,2
remove_y_z,5,5
remove_y_z,5,5
remove_y_z,0,0
remove_y_z,2,2
remove_y_z,1,1
remove_y_z,0,0
remove_y_z,3,3
remove_y_z,5,5
remove_y_z,4,4
remove_y_z,5,5
remove_y_z,2,1
remove_y_z,2,2
remove_y_z,2,2
remove_y_z,3,2
remove_y_z,4,1
remove_y_z,0,0
remove_y_z,0,0
remove_y_z,0,0
remove_y_z,1,1
remove_y_z,4,2
remove_y_z,4,4
remove_y_z,3,1
remove_y_z,2,2
remove_y_z,5,5
remove_y_z,4,1
remove_y_z,2,5
remove_y_z,5,5
remove_y_z,5,5
remove_y_z,4,4
remove_y_z,1,1
remove_y_z,1,1
remove_y_z,2,2
remove_y_z,1,1
remove_y_z,1,1
remove_y_z,4,4
remove_y_z,3,2
remove_y_z,4,4
remove_accelerometer,1,1
remove_accelerometer,4,4
remove_accelerometer,1,1
remove_accelerometer,5,5
remove_accelerometer,3,3
remove_accelerometer,0,0
remove_accelerometer,2,5
remove_accelerometer,3,3
remove_accelerometer,0,0
remove_accelerometer,0,0
remove_accelerometer,5,5
remove_accelerometer,2,2
remove_accelerometer,0,0
remove_accelerometer,2,2
remove_accelerometer,0,0
remove_accelerometer,2,2
remove_accelerometer,3,2
remove_accelerometer,3,3
remove_accelerometer,0,0
remove_accelerometer,0,0
remove_accelerometer,1,1
remove_accelerometer,4,4
remove_accelerometer,2,2
remove_accelerometer,4,4
remove_accelerometer,5,5
remove_accelerometer,1,4
remove_accelerometer,4,4
remove_accelerometer,5,5
remove_accelerometer,1,1
remove_accelerometer,3,2
remove_accelerometer,5,5
remove_accelerometer,1,1
remove_accelerometer,3,3
remove_accelerometer,3,2
remove_accelerometer,3,3
remove_accelerometer,5,5
remove_accelerometer,5,1
remove_accelerometer,0,0
remove_accelerometer,2,2
remove_accelerometer,1,1
remove_accelerometer,0,0
remove_accelerometer,3,3
remove_accelerometer,5,5
remove_accelerometer,4,4
remove_accelerometer,5,5
remove_accelerometer,2,2
remove_accelerometer,2,2
remove_accelerometer,2,2
remove_accelerometer,3,2
remove_accelerometer,4,4
remove_accelerometer,0,0
remove_accelerometer,0,0
remove_accelerometer,0,0
remove_accelerometer,1,1
remove_accelerometer,4,5
remove_accelerometer,4,4
remove_accelerometer,3,4
remove_accelerometer,2,2
remove_accelerometer,5,5
remove_accelerometer,4,1
remove_accelerometer,2,5
remove_accelerometer,5,5
remove_accelerometer,5,5
remove_accelerometer,4,4
remove_accelerometer,1,1
remove_accelerometer,1,1
remove_accelerometer,2,3
remove_accelerometer,1,1
remove_accelerometer,1,1
remove_accelerometer,4,4
remove_accelerometer,3,3
remove_accelerometer,4,4
remove_gravity,1,1
remove_gravity,4,4
remove_gravity,1,1
remove_gravity,5,5
remove_gravity,3,3
remove_gravity,0,0
remove_gravity,2,5
remove_gravity,3,3
remove_gravity,0,0
remove_gravity,0,0
remove_gravity,5,5
remove_gravity,2,3
remove_gravity,0,0
remove_gravity,2,2
remove_gravity,0,0
remove_gravity,2,2
remove_gravity,3,4
remove_gravity,3,4
remove_gravity,0,0
remove_gravity,0,0
remove_gravity,1,1
remove_gravity,4,4
remove_gravity,2,2
remove_gravity,4,4
remove_gravity,5,5
remove_gravity,1,1
remove_gravity,4,4
remove_gravity,5,5
remove_gravity,1,1
remove_gravity,3,2
remove_gravity,5,5
remove_gravity,1,1
remove_gravity,3,3
remove_gravity,3,3
remove_gravity,3,3
remove_gravity,5,5
remove_gravity,5,5
remove_gravity,0,0
remove_gravity,2,2
remove_gravity,1,1
remove_gravity,0,0
remove_gravity,3,2
remove_gravity,5,5
remove_gravity,4,4
remove_gravity,5,5
remove_gravity,2,2
remove_gravity,2,2
remove_gravity,2,2
remove_gravity,3,2
remove_gravity,4,4
remove_gravity,0,0
remove_gravity,0,0
remove_gravity,0,0
remove_gravity,1,1
remove_gravity,4,5
remove_gravity,4,4
remove_gravity,3,4
remove_gravity,2,2
remove_gravity,5,5
remove_gravity,4,5
remove_gravity,2,5
remove_gravity,5,5
remove_gravity,5,5
remove_gravity,4,4
remove_gravity,1,1
remove_gravity,1,1
remove_gravity,2,3
remove_gravity,1,1
remove_gravity,1,1
remove_gravity,4,4
remove_gravity,3,3
remove_gravity,4,4
remove_gyros,1,1
remove_gyros,4,4
remove_gyros,1,1
remove_gyros,5,5
remove_gyros,3,3
remove_gyros,0,0
remove_gyros,2,5
remove_gyros,3,3
remove_gyros,0,0
remove_gyros,0,0
remove_gyros,5,5
remove_gyros,2,2
remove_gyros,0,0
remove_gyros,2,2
remove_gyros,0,0
remove_gyros,2,2
remove_gyros,3,2
remove_gyros,3,3
remove_gyros,0,0
remove_gyros,0,0
remove_gyros,1,1
remove_gyros,4,4
remove_gyros,2,2
remove_gyros,4,4
remove_gyros,5,5
remove_gyros,1,1
remove_gyros,4,4
remove_gyros,5,5
remove_gyros,1,1
remove_gyros,3,2
remove_gyros,5,5
remove_gyros,1,1
remove_gyros,3,3
remove_gyros,3,2
remove_gyros,3,3
remove_gyros,5,5
remove_gyros,5,5
remove_gyros,0,0
remove_gyros,2,2
remove_gyros,1,1
remove_gyros,0,0
remove_gyros,3,3
remove_gyros,5,5
remove_gyros,4,4
remove_gyros,5,5
remove_gyros,2,2
remove_gyros,2,2
remove_gyros,2,2
remove_gyros,3,2
remove_gyros,4,4
remove_gyros,0,0
remove_gyros,0,0
remove_gyros,0,0
remove_gyros,1,1
remove_gyros,4,5
remove_gyros,4,4
remove_gyros,3,4
remove_gyros,2,2
remove_gyros,5,5
remove_gyros,4,1
remove_gyros,2,5
remove_gyros,5,5
remove_gyros,5,5
remove_gyros,4,4
remove_gyros,1,1
remove_gyros,1,1
remove_gyros,2,3
remove_gyros,1,1
remove_gyros,1,1
remove_gyros,4,4
remove_gyros,3,3
remove_gyros,4,4
remove_lin_accel,1,1
remove_lin_accel,4,4
remove_lin_accel,1,1
remove_lin_accel,5,5
remove_lin_accel,3,3
remove_lin_accel,0,0
remove_lin_accel,2,5
remove_lin_accel,3,3
remove_lin_accel,0,0
remove_lin_accel,0,0
remove_lin_accel,5,5
remove_lin_accel,2,2
remove_lin_accel,0,0
remove_lin_accel,2,2
remove_lin_accel,0,4
remove_lin_accel,2,2
remove_lin_accel,3,2
remove_lin_accel,3,3
remove_lin_accel,0,0
remove_lin_accel,0,0
remove_lin_accel,1,1
remove_lin_accel,4,4
remove_lin_accel,2,2
remove_lin_accel,4,4
remove_lin_accel,5,5
remove_lin_accel,1,1
remove_lin_accel,4,4
remove_lin_accel,5,5
remove_lin_accel,1,1
remove_lin_accel,3,2
remove_lin_accel,5,5
remove_lin_accel,1,1
remove_lin_accel,3,3
remove_lin_accel,3,2
remove_lin_accel,3,3
remove_lin_accel,5,5
remove_lin_accel,5,5
remove_lin_accel,0,0
remove_lin_accel,2,2
remove_lin_accel,1,1
remove_lin_accel,0,0
remove_lin_accel,3,2
remove_lin_accel,5,5
remove_lin_accel,4,4
remove_lin_accel,5,5
remove_lin_accel,2,2
remove_lin_accel,2,2
remove_lin_accel,2,2
remove_lin_accel,3,2
remove_lin_accel,4,4
remove_lin_accel,0,0
remove_lin_accel,0,0
remove_lin_accel,0,0
remove_lin_accel,1,1
remove_lin_accel,4,5
remove_lin_accel,4,4
remove_lin_accel,3,4
remove_lin_accel,2,2
remove_lin_accel,5,5
remove_lin_accel,4,1
remove_lin_accel,2,5
remove_lin_accel,5,5
remove_lin_accel,5,5
remove_lin_accel,4,4
remove_lin_accel,1,1
remove_lin_accel,1,1
remove_lin_accel,2,3
remove_lin_accel,1,1
remove_lin_accel,1,1
remove_lin_accel,4,4
remove_lin_accel,3,3
remove_lin_accel,4,4
remove_game_rot_vec,1,1
remove_game_rot_vec,4,4
remove_game_rot_vec,1,1
remove_game_rot_vec,5,5
remove_game_rot_vec,3,3
remove_game_rot_vec,0,0
remove_game_rot_vec,2,5
remove_game_rot_vec,3,3
remove_game_rot_vec,0,0
remove_game_rot_vec,0,0
remove_game_rot_vec,5,5
remove_game_rot_vec,2,2
remove_game_rot_vec,0,0
remove_game_rot_vec,2,2
remove_game_rot_vec,0,4
remove_game_rot_vec,2,2
remove_game_rot_vec,3,2
remove_game_rot_vec,3,3
remove_game_rot_vec,0,0
remove_game_rot_vec,0,0
remove_game_rot_vec,1,1
remove_game_rot_vec,4,4
remove_game_rot_vec,2,2
remove_game_rot_vec,4,4
remove_game_rot_vec,5,5
remove_game_rot_vec,1,4
remove_game_rot_vec,4,4
remove_game_rot_vec,5,5
remove_game_rot_vec,1,1
remove_game_rot_vec,3,2
remove_game_rot_vec,5,5
remove_game_rot_vec,1,1
remove_game_rot_vec,3,3
remove_game_rot_vec,3,3
remove_game_rot_vec,3,1
remove_game_rot_vec,5,5
remove_game_rot_vec,5,5
remove_game_rot_vec,0,0
remove_game_rot_vec,2,2
remove_game_rot_vec,1,1
remove_game_rot_vec,0,0
remove_game_rot_vec,3,3
remove_game_rot_vec,5,5
remove_game_rot_vec,4,4
remove_game_rot_vec,5,5
remove_game_rot_vec,2,2
remove_game_rot_vec,2,2
remove_game_rot_vec,2,2
remove_game_rot_vec,3,2
remove_game_rot_vec,4,4
remove_game_rot_vec,0,0
remove_game_rot_vec,0,0
remove_game_rot_vec,0,0
remove_game_rot_vec,1,1
remove_game_rot_vec,4,5
remove_game_rot_vec,4,4
remove_game_rot_vec,3,4
remove_game_rot_vec,2,2
remove_game_rot_vec,5,5
remove_game_rot_vec,4,1
remove_game_rot_vec,2,5
remove_game_rot_vec,5,5
remove_game_rot_vec,5,5
remove_game_rot_vec,4,4
remove_game_rot_vec,1,1
remove_game_rot_vec,1,1
remove_game_rot_vec,2,2
remove_game_rot_vec,1,1
remove_game_rot_vec,1,1
remove_game_rot_vec,4,4
remove_game_rot_vec,3,3
remove_game_rot_vec,4,4
remove_magn_field,1,1
remove_magn_field,4,4
remove_magn_field,1,1
remove_magn_field,5,5
remove_magn_field,3,3
remove_magn_field,0,0
remove_magn_field,2,5
remove_magn_field,3,3
remove_magn_field,0,0
remove_magn_field,0,0
remove_magn_field,5,5
remove_magn_field,2,2
remove_magn_field,0,0
remove_magn_field,2,2
remove_magn_field,0,0
remove_magn_field,2,2
remove_magn_field,3,2
remove_magn_field,3,3
remove_magn_field,0,0
remove_magn_field,0,0
remove_magn_field,1,1
remove_magn_field,4,4
remove_magn_field,2,2
remove_magn_field,4,4
remove_magn_field,5,5
remove_magn_field,1,1
remove_magn_field,4,4
remove_magn_field,5,5
remove_magn_field,1,1
remove_magn_field,3,2
remove_magn_field,5,5
remove_magn_field,1,1
remove_magn_field,3,3
remove_magn_field,3,2
remove_magn_field,3,1
remove_magn_field,5,5
remove_magn_field,5,5
remove_magn_field,0,0
remove_magn_field,2,2
remove_magn_field,1,1
remove_magn_field,0,0
remove_magn_field,3,3
remove_magn_field,5,5
remove_magn_field,4,4
remove_magn_field,5,5
remove_magn_field,2,2
remove_magn_field,2,2
remove_magn_field,2,2
remove_magn_field,3,2
remove_magn_field,4,4
remove_magn_field,0,0
remove_magn_field,0,0
remove_magn_field,0,0
remove_magn_field,1,1
remove_magn_field,4,5
remove_magn_field,4,4
remove_magn_field,3,4
remove_magn_field,2,2
remove_magn_field,5,5
remove_magn_field,4,1
remove_magn_field,2,5
remove_magn_field,5,5
remove_magn_field,5,5
remove_magn_field,4,4
remove_magn_field,1,1
remove_magn_field,1,1
remove_magn_field,2,3
remove_magn_field,1,1
remove_magn_field,1,1
remove_magn_field,4,4
remove_magn_field,3,3
remove_magn_field,4,4
remove_accelerometer_gravity,1,1
remove_accelerometer_gravity,4,4
remove_accelerometer_gravity,1,1
remove_accelerometer_gravity,5,5
remove_accelerometer_gravity,3,3
remove_accelerometer_gravity,0,0
remove_accelerometer_gravity,2,5
remove_accelerometer_gravity,3,3
remove_accelerometer_gravity,0,0
remove_accelerometer_gravity,0,0
remove_accelerometer_gravity,5,5
remove_accelerometer_gravity,2,3
remove_accelerometer_gravity,0,0
remove_accelerometer_gravity,2,2
remove_accelerometer_gravity,0,0
remove_accelerometer_gravity,2,2
remove_accelerometer_gravity,3,4
remove_accelerometer_gravity,3,4
remove_accelerometer_gravity,0,0
remove_accelerometer_gravity,0,0
remove_accelerometer_gravity,1,1
remove_accelerometer_gravity,4,4
remove_accelerometer_gravity,2,2
remove_accelerometer_gravity,4,4
remove_accelerometer_gravity,5,5
remove_accelerometer_gravity,1,4
remove_accelerometer_gravity,4,4
remove_accelerometer_gravity,5,5
remove_accelerometer_gravity,1,1
remove_accelerometer_gravity,3,2
remove_accelerometer_gravity,5,5
remove_accelerometer_gravity,1,1
remove_accelerometer_gravity,3,3
remove_accelerometer_gravity,3,2
remove_accelerometer_gravity,3,3
remove_accelerometer_gravity,5,5
remove_accelerometer_gravity,5,5
remove_accelerometer_gravity,0,0
remove_accelerometer_gravity,2,3
remove_accelerometer_gravity,1,1
remove_accelerometer_gravity,0,0
remove_accelerometer_gravity,3,3
remove_accelerometer_gravity,5,5
remove_accelerometer_gravity,4,4
remove_accelerometer_gravity,5,5
remove_accelerometer_gravity,2,5
remove_accelerometer_gravity,2,2
remove_accelerometer_gravity,2,3
remove_accelerometer_gravity,3,2
remove_accelerometer_gravity,4,4
remove_accelerometer_gravity,0,0
remove_accelerometer_gravity,0,0
remove_accelerometer_gravity,0,0
remove_accelerometer_gravity,1,1
remove_accelerometer_gravity,4,5
remove_accelerometer_gravity,4,4
remove_accelerometer_gravity,3,4
remove_accelerometer_gravity,2,2
remove_accelerometer_gravity,5,5
remove_accelerometer_gravity,4,5
remove_accelerometer_gravity,2,5
remove_accelerometer_gravity,5,5
remove_accelerometer_gravity,5,5
remove_accelerometer_gravity,4,4
remove_accelerometer_gravity,1,1
remove_accelerometer_gravity,1,1
remove_accelerometer_gravity,2,3
remove_accelerometer_gravity,1,1
remove_accelerometer_gravity,1,1
remove_accelerometer_gravity,4,4
remove_accelerometer_gravity,3,3
remove_accelerometer_gravity,4,4
remove_accelerometer_gyros,1,1
remove_accelerometer_gyros,4,4
remove_accelerometer_gyros,1,1
remove_accelerometer_gyros,5,5
remove_accelerometer_gyros,3,3
remove_accelerometer_gyros,0,0
remove_accelerometer_gyros,2,5
remove_accelerometer_gyros,3,3
remove_accelerometer_gyros,0,0
remove_accelerometer_gyros,0,0
remove_accelerometer_gyros,5,5
remove_accelerometer_gyros,2,2
remove_accelerometer_gyros,0,0
remove_accelerometer_gyros,2,2
remove_accelerometer_gyros,0,0
remove_accelerometer_gyros,2,2
remove_accelerometer_gyros,3,2
remove_accelerometer_gyros,3,3
remove_accelerometer_gyros,0,0
remove_accelerometer_gyros,0,0
remove_accelerometer_gyros,1,1
remove_accelerometer_gyros,4,4
remove_accelerometer_gyros,2,2
remove_accelerometer_gyros,4,4
remove_accelerometer_gyros,5,5
remove_accelerometer_gyros,1,1
remove_accelerometer_gyros,4,4
remove_accelerometer_gyros,5,5
remove_accelerometer_gyros,1,1
remove_accelerometer_gyros,3,2
remove_accelerometer_gyros,5,5
remove_accelerometer_gyros,1,1
remove_accelerometer_gyros,3,3
remove_accelerometer_gyros,3,2
remove_accelerometer_gyros,3,3
remove_accelerometer_gyros,5,5
remove_accelerometer_gyros,5,5
remove_accelerometer_gyros,0,0
remove_accelerometer_gyros,2,2
remove_accelerometer_gyros,1,1
remove_accelerometer_gyros,0,0
remove_accelerometer_gyros,3,2
remove_accelerometer_gyros,5,5
remove_accelerometer_gyros,4,4
remove_accelerometer_gyros,5,5
remove_accelerometer_gyros,2,3
remove_accelerometer_gyros,2,2
remove_accelerometer_gyros,2,2
remove_accelerometer_gyros,3,2
remove_accelerometer_gyros,4,4
remove_accelerometer_gyros,0,0
remove_accelerometer_gyros,0,0
remove_accelerometer_gyros,0,0
remove_accelerometer_gyros,1,1
remove_accelerometer_gyros,4,5
remove_accelerometer_gyros,4,4
remove_accelerometer_gyros,3,4
remove_accelerometer_gyros,2,2
remove_accelerometer_gyros,5,5
remove_accelerometer_gyros,4,1
remove_accelerometer_gyros,2,5
remove_accelerometer_gyros,5,5
remove_accelerometer_gyros,5,5
remove_accelerometer_gyros,4,4
remove_accelerometer_gyros,1,1
remove_accelerometer_gyros,1,1
remove_accelerometer_gyros,2,3
remove_accelerometer_gyros,1,1
remove_accelerometer_gyros,1,1
remove_accelerometer_gyros,4,4
remove_accelerometer_gyros,3,3
remove_accelerometer_gyros,4,4
remove_accelerometer_lin_accel,1,1
remove_accelerometer_lin_accel,4,4
remove_accelerometer_lin_accel,1,1
remove_accelerometer_lin_accel,5,5
remove_accelerometer_lin_accel,3,3
remove_accelerometer_lin_accel,0,0
remove_accelerometer_lin_accel,2,5
remove_accelerometer_lin_accel,3,3
remove_accelerometer_lin_accel,0,0
remove_accelerometer_lin_accel,0,0
remove_accelerometer_lin_accel,5,5
remove_accelerometer_lin_accel,2,2
remove_accelerometer_lin_accel,0,0
remove_accelerometer_lin_accel,2,2
remove_accelerometer_lin_accel,0,0
remove_accelerometer_lin_accel,2,2
remove_accelerometer_lin_accel,3,2
remove_accelerometer_lin_accel,3,3
remove_accelerometer_lin_accel,0,0
remove_accelerometer_lin_accel,0,0
remove_accelerometer_lin_accel,1,1
remove_accelerometer_lin_accel,4,4
remove_accelerometer_lin_accel,2,2
remove_accelerometer_lin_accel,4,4
remove_accelerometer_lin_accel,5,5
remove_accelerometer_lin_accel,1,1
remove_accelerometer_lin_accel,4,4
remove_accelerometer_lin_accel,5,5
remove_accelerometer_lin_accel,1,1
remove_accelerometer_lin_accel,3,2
remove_accelerometer_lin_accel,5,5
remove_accelerometer_lin_accel,1,1
remove_accelerometer_lin_accel,3,3
remove_accelerometer_lin_accel,3,2
remove_accelerometer_lin_accel,3,3
remove_accelerometer_lin_accel,5,5
remove_accelerometer_lin_accel,5,5
remove_accelerometer_lin_accel,0,0
remove_accelerometer_lin_accel,2,2
remove_accelerometer_lin_accel,1,1
remove_accelerometer_lin_accel,0,0
remove_accelerometer_lin_accel,3,2
remove_accelerometer_lin_accel,5,5
remove_accelerometer_lin_accel,4,4
remove_accelerometer_lin_accel,5,5
remove_accelerometer_lin_accel,2,2
remove_accelerometer_lin_accel,2,2
remove_accelerometer_lin_accel,2,2
remove_accelerometer_lin_accel,3,2
remove_accelerometer_lin_accel,4,4
remove_accelerometer_lin_accel,0,0
remove_accelerometer_lin_accel,0,0
remove_accelerometer_lin_accel,0,0
remove_accelerometer_lin_accel,1,1
remove_accelerometer_lin_accel,4,5
remove_accelerometer_lin_accel,4,4
remove_accelerometer_lin_accel,3,4
remove_accelerometer_lin_accel,2,2
remove_accelerometer_lin_accel,5,5
remove_accelerometer_lin_accel,4,1
remove_accelerometer_lin_accel,2,5
remove_accelerometer_lin_accel,5,5
remove_accelerometer_lin_accel,5,5
remove_accelerometer_lin_accel,4,4
remove_accelerometer_lin_accel,1,1
remove_accelerometer_lin_accel,1,1
remove_accelerometer_lin_accel,2,3
remove_accelerometer_lin_accel,1,1
remove_accelerometer_lin_accel,1,1
remove_accelerometer_lin_accel,4,4
remove_accelerometer_lin_accel,3,3
remove_accelerometer_lin_accel,4,4
remove_accelerometer_game_rot_vec,1,1
remove_accelerometer_game_rot_vec,4,4
remove_accelerometer_game_rot_vec,1,1
remove_accelerometer_game_rot_vec,5,5
remove_accelerometer_game_rot_vec,3,3
remove_accelerometer_game_rot_vec,0,0
remove_accelerometer_game_rot_vec,2,5
remove_accelerometer_game_rot_vec,3,3
remove_accelerometer_game_rot_vec,0,0
remove_accelerometer_game_rot_vec,0,0
remove_accelerometer_game_rot_vec,5,5
remove_accelerometer_game_rot_vec,2,2
remove_accelerometer_game_rot_vec,0,0
remove_accelerometer_game_rot_vec,2,2
remove_accelerometer_game_rot_vec,0,0
remove_accelerometer_game_rot_vec,2,2
remove_accelerometer_game_rot_vec,3,2
remove_accelerometer_game_rot_vec,3,3
remove_accelerometer_game_rot_vec,0,0
remove_accelerometer_game_rot_vec,0,0
remove_accelerometer_game_rot_vec,1,1
remove_accelerometer_game_rot_vec,4,4
remove_accelerometer_game_rot_vec,2,2
remove_accelerometer_game_rot_vec,4,4
remove_accelerometer_game_rot_vec,5,5
remove_accelerometer_game_rot_vec,1,1
remove_accelerometer_game_rot_vec,4,4
remove_accelerometer_game_rot_vec,5,5
remove_accelerometer_game_rot_vec,1,1
remove_accelerometer_game_rot_vec,3,2
remove_accelerometer_game_rot_vec,5,5
remove_accelerometer_game_rot_vec,1,1
remove_accelerometer_game_rot_vec,3,3
remove_accelerometer_game_rot_vec,3,2
remove_accelerometer_game_rot_vec,3,3
remove_accelerometer_game_rot_vec,5,5
remove_accelerometer_game_rot_vec,5,5
remove_accelerometer_game_rot_vec,0,0
remove_accelerometer_game_rot_vec,2,2
remove_accelerometer_game_rot_vec,1,1
remove_accelerometer_game_rot_vec,0,0
remove_accelerometer_game_rot_vec,3,3
remove_accelerometer_game_rot_vec,5,5
remove_accelerometer_game_rot_vec,4,4
remove_accelerometer_game_rot_vec,5,5
remove_accelerometer_game_rot_vec,2,2
remove_accelerometer_game_rot_vec,2,2
remove_accelerometer_game_rot_vec,2,2
remove_accelerometer_game_rot_vec,3,2
remove_accelerometer_game_rot_vec,4,4
remove_accelerometer_game_rot_vec,0,0
remove_accelerometer_game_rot_vec,0,0
remove_accelerometer_game_rot_vec,0,0
remove_accelerometer_game_rot_vec,1,1
remove_accelerometer_game_rot_vec,4,5
remove_accelerometer_game_rot_vec,4,4
remove_accelerometer_game_rot_vec,3,4
remove_accelerometer_game_rot_vec,2,2
remove_accelerometer_game_rot_vec,5,5
remove_accelerometer_game_rot_vec,4,1
remove_accelerometer_game_rot_vec,2,5
remove_accelerometer_game_rot_vec,5,5
remove_accelerometer_game_rot_vec,5,5
remove_accelerometer_game_rot_vec,4,4
remove_accelerometer_game_rot_vec,1,1
remove_accelerometer_game_rot_vec,1,1
remove_accelerometer_game_rot_vec,2,2
remove_accelerometer_game_rot_vec,1,1
remove_accelerometer_game_rot_vec,1,1
remove_accelerometer_game_rot_vec,4,4
remove_accelerometer_game_rot_vec,3,3
remove_accelerometer_game_rot_vec,4,4
remove_accelerometer_magn_field,1,1
remove_accelerometer_magn_field,4,4
remove_accelerometer_magn_field,1,1
remove_accelerometer_magn_field,5,5
remove_accelerometer_magn_field,3,3
remove_accelerometer_magn_field,0,0
remove_accelerometer_magn_field,2,5
remove_accelerometer_magn_field,3,3
remove_accelerometer_magn_field,0,0
remove_accelerometer_magn_field,0,0
remove_accelerometer_magn_field,5,5
remove_accelerometer_magn_field,2,2
remove_accelerometer_magn_field,0,0
remove_accelerometer_magn_field,2,2
remove_accelerometer_magn_field,0,0
remove_accelerometer_magn_field,2,2
remove_accelerometer_magn_field,3,2
remove_accelerometer_magn_field,3,3
remove_accelerometer_magn_field,0,0
remove_accelerometer_magn_field,0,0
remove_accelerometer_magn_field,1,1
remove_accelerometer_magn_field,4,4
remove_accelerometer_magn_field,2,2
remove_accelerometer_magn_field,4,4
remove_accelerometer_magn_field,5,5
remove_accelerometer_magn_field,1,1
remove_accelerometer_magn_field,4,4
remove_accelerometer_magn_field,5,5
remove_accelerometer_magn_field,1,1
remove_accelerometer_magn_field,3,2
remove_accelerometer_magn_field,5,5
remove_accelerometer_magn_field,1,1
remove_accelerometer_magn_field,3,3
remove_accelerometer_magn_field,3,2
remove_accelerometer_magn_field,3,3
remove_accelerometer_magn_field,5,5
remove_accelerometer_magn_field,5,5
remove_accelerometer_magn_field,0,0
remove_accelerometer_magn_field,2,3
remove_accelerometer_magn_field,1,1
remove_accelerometer_magn_field,0,0
remove_accelerometer_magn_field,3,3
remove_accelerometer_magn_field,5,5
remove_accelerometer_magn_field,4,4
remove_accelerometer_magn_field,5,5
remove_accelerometer_magn_field,2,2
remove_accelerometer_magn_field,2,2
remove_accelerometer_magn_field,2,2
remove_accelerometer_magn_field,3,2
remove_accelerometer_magn_field,4,4
remove_accelerometer_magn_field,0,0
remove_accelerometer_magn_field,0,0
remove_accelerometer_magn_field,0,0
remove_accelerometer_magn_field,1,1
remove_accelerometer_magn_field,4,5
remove_accelerometer_magn_field,4,4
remove_accelerometer_magn_field,3,4
remove_accelerometer_magn_field,2,2
remove_accelerometer_magn_field,5,5
remove_accelerometer_magn_field,4,1
remove_accelerometer_magn_field,2,5
remove_accelerometer_magn_field,5,5
remove_accelerometer_magn_field,5,5
remove_accelerometer_magn_field,4,4
remove_accelerometer_magn_field,1,1
remove_accelerometer_magn_field,1,1
remove_accelerometer_magn_field,2,3
remove_accelerometer_magn_field,1,1
remove_accelerometer_magn_field,1,1
remove_accelerometer_magn_field,4,4
remove_accelerometer_magn_field,3,3
remove_accelerometer_magn_field,4,4
remove_gravity_gyros,1,1
remove_gravity_gyros,4,4
remove_gravity_gyros,1,1
remove_gravity_gyros,5,5
remove_gravity_gyros,3,3
remove_gravity_gyros,0,0
remove_gravity_gyros,2,5
remove_gravity_gyros,3,3
remove_gravity_gyros,0,0
remove_gravity_gyros,0,0
remove_gravity_gyros,5,5
remove_gravity_gyros,2,3
remove_gravity_gyros,0,0
remove_gravity_gyros,2,2
remove_gravity_gyros,0,0
remove_gravity_gyros,2,2
remove_gravity_gyros,3,2
remove_gravity_gyros,3,4
remove_gravity_gyros,0,0
remove_gravity_gyros,0,0
remove_gravity_gyros,1,1
remove_gravity_gyros,4,4
remove_gravity_gyros,2,2
remove_gravity_gyros,4,4
remove_gravity_gyros,5,5
remove_gravity_gyros,1,1
remove_gravity_gyros,4,4
remove_gravity_gyros,5,5
remove_gravity_gyros,1,1
remove_gravity_gyros,3,2
remove_gravity_gyros,5,5
remove_gravity_gyros,1,1
remove_gravity_gyros,3,3
remove_gravity_gyros,3,2
remove_gravity_gyros,3,3
remove_gravity_gyros,5,5
remove_gravity_gyros,5,5
remove_gravity_gyros,0,0
remove_gravity_gyros,2,2
remove_gravity_gyros,1,1
remove_gravity_gyros,0,0
remove_gravity_gyros,3,2
remove_gravity_gyros,5,5
remove_gravity_gyros,4,4
remove_gravity_gyros,5,5
remove_gravity_gyros,2,2
remove_gravity_gyros,2,2
remove_gravity_gyros,2,2
remove_gravity_gyros,3,2
remove_gravity_gyros,4,4
remove_gravity_gyros,0,0
remove_gravity_gyros,0,0
remove_gravity_gyros,0,0
remove_gravity_gyros,1,1
remove_gravity_gyros,4,5
remove_gravity_gyros,4,4
remove_gravity_gyros,3,4
remove_gravity_gyros,2,2
remove_gravity_gyros,5,5
remove_gravity_gyros,4,5
remove_gravity_gyros,2,5
remove_gravity_gyros,5,5
remove_gravity_gyros,5,5
remove_gravity_gyros,4,4
remove_gravity_gyros,1,1
remove_gravity_gyros,1,1
remove_gravity_gyros,2,3
remove_gravity_gyros,1,1
remove_gravity_gyros,1,1
remove_gravity_gyros,4,4
remove_gravity_gyros,3,3
remove_gravity_gyros,4,4
remove_gravity_lin_accel,1,1
remove_gravity_lin_accel,4,4
remove_gravity_lin_accel,1,1
remove_gravity_lin_accel,5,5
remove_gravity_lin_accel,3,3
remove_gravity_lin_accel,0,0
remove_gravity_lin_accel,2,5
remove_gravity_lin_accel,3,3
remove_gravity_lin_accel,0,0
remove_gravity_lin_accel,0,0
remove_gravity_lin_accel,5,5
remove_gravity_lin_accel,2,3
remove_gravity_lin_accel,0,0
remove_gravity_lin_accel,2,1
remove_gravity_lin_accel,0,0
remove_gravity_lin_accel,2,2
remove_gravity_lin_accel,3,2
remove_gravity_lin_accel,3,3
remove_gravity_lin_accel,0,0
remove_gravity_lin_accel,0,0
remove_gravity_lin_accel,1,1
remove_gravity_lin_accel,4,4
remove_gravity_lin_accel,2,2
remove_gravity_lin_accel,4,4
remove_gravity_lin_accel,5,5
remove_gravity_lin_accel,1,1
remove_gravity_lin_accel,4,4
remove_gravity_lin_accel,5,5
remove_gravity_lin_accel,1,1
remove_gravity_lin_accel,3,2
remove_gravity_lin_accel,5,5
remove_gravity_lin_accel,1,1
remove_gravity_lin_accel,3,3
remove_gravity_lin_accel,3,2
remove_gravity_lin_accel,3,1
remove_gravity_lin_accel,5,5
remove_gravity_lin_accel,5,5
remove_gravity_lin_accel,0,0
remove_gravity_lin_accel,2,2
remove_gravity_lin_accel,1,1
remove_gravity_lin_accel,0,0
remove_gravity_lin_accel,3,2
remove_gravity_lin_accel,5,5
remove_gravity_lin_accel,4,4
remove_gravity_lin_accel,5,5
remove_gravity_lin_accel,2,2
remove_gravity_lin_accel,2,2
remove_gravity_lin_accel,2,2
remove_gravity_lin_accel,3,2
remove_gravity_lin_accel,4,4
remove_gravity_lin_accel,0,0
remove_gravity_lin_accel,0,0
remove_gravity_lin_accel,0,0
remove_gravity_lin_accel,1,1
remove_gravity_lin_accel,4,5
remove_gravity_lin_accel,4,4
remove_gravity_lin_accel,3,4
remove_gravity_lin_accel,2,2
remove_gravity_lin_accel,5,5
remove_gravity_lin_accel,4,5
remove_gravity_lin_accel,2,5
remove_gravity_lin_accel,5,5
remove_gravity_lin_accel,5,5
remove_gravity_lin_accel,4,4
remove_gravity_lin_accel,1,1
remove_gravity_lin_accel,1,1
remove_gravity_lin_accel,2,3
remove_gravity_lin_accel,1,1
remove_gravity_lin_accel,1,1
remove_gravity_lin_accel,4,4
remove_gravity_lin_accel,3,3
remove_gravity_lin_accel,4,4
remove_gravity_game_rot_vec,1,1
remove_gravity_game_rot_vec,4,4
remove_gravity_game_rot_vec,1,1
remove_gravity_game_rot_vec,5,5
remove_gravity_game_rot_vec,3,3
remove_gravity_game_rot_vec,0,0
remove_gravity_game_rot_vec,2,5
remove_gravity_game_rot_vec,3,3
remove_gravity_game_rot_vec,0,0
remove_gravity_game_rot_vec,0,0
remove_gravity_game_rot_vec,5,5
remove_gravity_game_rot_vec,2,2
remove_gravity_game_rot_vec,0,0
remove_gravity_game_rot_vec,2,2
remove_gravity_game_rot_vec,0,0
remove_gravity_game_rot_vec,2,2
remove_gravity_game_rot_vec,3,1
remove_gravity_game_rot_vec,3,4
remove_gravity_game_rot_vec,0,0
remove_gravity_game_rot_vec,0,0
remove_gravity_game_rot_vec,1,1
remove_gravity_game_rot_vec,4,4
remove_gravity_game_rot_vec,2,2
remove_gravity_game_rot_vec,4,4
remove_gravity_game_rot_vec,5,5
remove_gravity_game_rot_vec,1,1
remove_gravity_game_rot_vec,4,4
remove_gravity_game_rot_vec,5,5
remove_gravity_game_rot_vec,1,1
remove_gravity_game_rot_vec,3,2
remove_gravity_game_rot_vec,5,5
remove_gravity_game_rot_vec,1,1
remove_gravity_game_rot_vec,3,3
remove_gravity_game_rot_vec,3,3
remove_gravity_game_rot_vec,3,1
remove_gravity_game_rot_vec,5,5
remove_gravity_game_rot_vec,5,5
remove_gravity_game_rot_vec,0,0
remove_gravity_game_rot_vec,2,2
remove_gravity_game_rot_vec,1,1
remove_gravity_game_rot_vec,0,0
remove_gravity_game_rot_vec,3,3
remove_gravity_game_rot_vec,5,5
remove_gravity_game_rot_vec,4,4
remove_gravity_game_rot_vec,5,5
remove_gravity_game_rot_vec,2,2
remove_gravity_game_rot_vec,2,2
remove_gravity_game_rot_vec,2,2
remove_gravity_game_rot_vec,3,2
remove_gravity_game_rot_vec,4,4
remove_gravity_game_rot_vec,0,0
remove_gravity_game_rot_vec,0,0
remove_gravity_game_rot_vec,0,0
remove_gravity_game_rot_vec,1,1
remove_gravity_game_rot_vec,4,5
remove_gravity_game_rot_vec,4,4
remove_gravity_game_rot_vec,3,4
remove_gravity_game_rot_vec,2,2
remove_gravity_game_rot_vec,5,5
remove_gravity_game_rot_vec,4,5
remove_gravity_game_rot_vec,2,5
remove_gravity_game_rot_vec,5,5
remove_gravity_game_rot_vec,5,5
remove_gravity_game_rot_vec,4,4
remove_gravity_game_rot_vec,1,1
remove_gravity_game_rot_vec,1,1
remove_gravity_game_rot_vec,2,3
remove_gravity_game_rot_vec,1,1
remove_gravity_game_rot_vec,1,1
remove_gravity_game_rot_vec,4,4
remove_gravity_game_rot_vec,3,3
remove_gravity_game_rot_vec,4,4
remove_gravity_magn_field,1,1
remove_gravity_magn_field,4,4
remove_gravity_magn_field,1,1
remove_gravity_magn_field,5,5
remove_gravity_magn_field,3,3
remove_gravity_magn_field,0,0
remove_gravity_magn_field,2,5
remove_gravity_magn_field,3,3
remove_gravity_magn_field,0,0
remove_gravity_magn_field,0,0
remove_gravity_magn_field,5,5
remove_gravity_magn_field,2,3
remove_gravity_magn_field,0,0
remove_gravity_magn_field,2,2
remove_gravity_magn_field,0,0
remove_gravity_magn_field,2,2
remove_gravity_magn_field,3,1
remove_gravity_magn_field,3,3
remove_gravity_magn_field,0,0
remove_gravity_magn_field,0,0
remove_gravity_magn_field,1,1
remove_gravity_magn_field,4,4
remove_gravity_magn_field,2,2
remove_gravity_magn_field,4,4
remove_gravity_magn_field,5,5
remove_gravity_magn_field,1,1
remove_gravity_magn_field,4,4
remove_gravity_magn_field,5,5
remove_gravity_magn_field,1,1
remove_gravity_magn_field,3,2
remove_gravity_magn_field,5,4
remove_gravity_magn_field,1,1
remove_gravity_magn_field,3,3
remove_gravity_magn_field,3,2
remove_gravity_magn_field,3,1
remove_gravity_magn_field,5,5
remove_gravity_magn_field,5,5
remove_gravity_magn_field,0,0
remove_gravity_magn_field,2,3
remove_gravity_magn_field,1,1
remove_gravity_magn_field,0,0
remove_gravity_magn_field,3,2
remove_gravity_magn_field,5,5
remove_gravity_magn_field,4,4
remove_gravity_magn_field,5,5
remove_gravity_magn_field,2,2
remove_gravity_magn_field,2,2
remove_gravity_magn_field,2,3
remove_gravity_magn_field,3,2
remove_gravity_magn_field,4,4
remove_gravity_magn_field,0,0
remove_gravity_magn_field,0,0
remove_gravity_magn_field,0,0
remove_gravity_magn_field,1,1
remove_gravity_magn_field,4,5
remove_gravity_magn_field,4,4
remove_gravity_magn_field,3,4
remove_gravity_magn_field,2,2
remove_gravity_magn_field,5,5
remove_gravity_magn_field,4,1
remove_gravity_magn_field,2,5
remove_gravity_magn_field,5,5
remove_gravity_magn_field,5,5
remove_gravity_magn_field,4,5
remove_gravity_magn_field,1,4
remove_gravity_magn_field,1,1
remove_gravity_magn_field,2,3
remove_gravity_magn_field,1,1
remove_gravity_magn_field,1,1
remove_gravity_magn_field,4,4
remove_gravity_magn_field,3,3
remove_gravity_magn_field,4,4
remove_gyros_lin_accel,1,1
remove_gyros_lin_accel,4,4
remove_gyros_lin_accel,1,1
remove_gyros_lin_accel,5,5
remove_gyros_lin_accel,3,3
remove_gyros_lin_accel,0,0
remove_gyros_lin_accel,2,5
remove_gyros_lin_accel,3,3
remove_gyros_lin_accel,0,0
remove_gyros_lin_accel,0,0
remove_gyros_lin_accel,5,5
remove_gyros_lin_accel,2,2
remove_gyros_lin_accel,0,0
remove_gyros_lin_accel,2,2
remove_gyros_lin_accel,0,0
remove_gyros_lin_accel,2,2
remove_gyros_lin_accel,3,2
remove_gyros_lin_accel,3,3
remove_gyros_lin_accel,0,0
remove_gyros_lin_accel,0,0
remove_gyros_lin_accel,1,1
remove_gyros_lin_accel,4,4
remove_gyros_lin_accel,2,2
remove_gyros_lin_accel,4,4
remove_gyros_lin_accel,5,5
remove_gyros_lin_accel,1,1
remove_gyros_lin_accel,4,4
remove_gyros_lin_accel,5,5
remove_gyros_lin_accel,1,1
remove_gyros_lin_accel,3,2
remove_gyros_lin_accel,5,5
remove_gyros_lin_accel,1,1
remove_gyros_lin_accel,3,3
remove_gyros_lin_accel,3,2
remove_gyros_lin_accel,3,1
remove_gyros_lin_accel,5,5
remove_gyros_lin_accel,5,5
remove_gyros_lin_accel,0,0
remove_gyros_lin_accel,2,2
remove_gyros_lin_accel,1,1
remove_gyros_lin_accel,0,0
remove_gyros_lin_accel,3,3
remove_gyros_lin_accel,5,5
remove_gyros_lin_accel,4,4
remove_gyros_lin_accel,5,5
remove_gyros_lin_accel,2,2
remove_gyros_lin_accel,2,2
remove_gyros_lin_accel,2,2
remove_gyros_lin_accel,3,2
remove_gyros_lin_accel,4,4
remove_gyros_lin_accel,0,0
remove_gyros_lin_accel,0,0
remove_gyros_lin_accel,0,0
remove_gyros_lin_accel,1,1
remove_gyros_lin_accel,4,5
remove_gyros_lin_accel,4,4
remove_gyros_lin_accel,3,4
remove_gyros_lin_accel,2,2
remove_gyros_lin_accel,5,5
remove_gyros_lin_accel,4,1
remove_gyros_lin_accel,2,5
remove_gyros_lin_accel,5,5
remove_gyros_lin_accel,5,5
remove_gyros_lin_accel,4,4
remove_gyros_lin_accel,1,1
remove_gyros_lin_accel,1,1
remove_gyros_lin_accel,2,3
remove_gyros_lin_accel,1,1
remove_gyros_lin_accel,1,1
remove_gyros_lin_accel,4,4
remove_gyros_lin_accel,3,3
remove_gyros_lin_accel,4,4
remove_gyros_game_rot_vec,1,1
remove_gyros_game_rot_vec,4,4
remove_gyros_game_rot_vec,1,1
remove_gyros_game_rot_vec,5,5
remove_gyros_game_rot_vec,3,3
remove_gyros_game_rot_vec,0,0
remove_gyros_game_rot_vec,2,5
remove_gyros_game_rot_vec,3,3
remove_gyros_game_rot_vec,0,0
remove_gyros_game_rot_vec,0,0
remove_gyros_game_rot_vec,5,5
remove_gyros_game_rot_vec,2,2
remove_gyros_game_rot_vec,0,0
remove_gyros_game_rot_vec,2,2
remove_gyros_game_rot_vec,0,0
remove_gyros_game_rot_vec,2,2
remove_gyros_game_rot_vec,3,2
remove_gyros_game_rot_vec,3,3
remove_gyros_game_rot_vec,0,0
remove_gyros_game_rot_vec,0,0
remove_gyros_game_rot_vec,1,1
remove_gyros_game_rot_vec,4,4
remove_gyros_game_rot_vec,2,2
remove_gyros_game_rot_vec,4,4
remove_gyros_game_rot_vec,5,5
remove_gyros_game_rot_vec,1,1
remove_gyros_game_rot_vec,4,4
remove_gyros_game_rot_vec,5,5
remove_gyros_game_rot_vec,1,1
remove_gyros_game_rot_vec,3,2
remove_gyros_game_rot_vec,5,5
remove_gyros_game_rot_vec,1,1
remove_gyros_game_rot_vec,3,3
remove_gyros_game_rot_vec,3,3
remove_gyros_game_rot_vec,3,1
remove_gyros_game_rot_vec,5,5
remove_gyros_game_rot_vec,5,5
remove_gyros_game_rot_vec,0,0
remove_gyros_game_rot_vec,2,2
remove_gyros_game_rot_vec,1,1
remove_gyros_game_rot_vec,0,0
remove_gyros_game_rot_vec,3,3
remove_gyros_game_rot_vec,5,5
remove_gyros_game_rot_vec,4,4
remove_gyros_game_rot_vec,5,5
remove_gyros_game_rot_vec,2,2
remove_gyros_game_rot_vec,2,2
remove_gyros_game_rot_vec,2,2
remove_gyros_game_rot_vec,3,3
remove_gyros_game_rot_vec,4,4
remove_gyros_game_rot_vec,0,0
remove_gyros_game_rot_vec,0,0
remove_gyros_game_rot_vec,0,0
remove_gyros_game_rot_vec,1,1
remove_gyros_game_rot_vec,4,5
remove_gyros_game_rot_vec,4,4
remove_gyros_game_rot_vec,3,4
remove_gyros_game_rot_vec,2,2
remove_gyros_game_rot_vec,5,5
remove_gyros_game_rot_vec,4,1
remove_gyros_game_rot_vec,2,5
remove_gyros_game_rot_vec,5,5
remove_gyros_game_rot_vec,5,5
remove_gyros_game_rot_vec,4,4
remove_gyros_game_rot_vec,1,1
remove_gyros_game_rot_vec,1,1
remove_gyros_game_rot_vec,2,3
remove_gyros_game_rot_vec,1,1
remove_gyros_game_rot_vec,1,1
remove_gyros_game_rot_vec,4,4
remove_gyros_game_rot_vec,3,3
remove_gyros_game_rot_vec,4,4
remove_gyros_magn_field,1,1
remove_gyros_magn_field,4,4
remove_gyros_magn_field,1,1
remove_gyros_magn_field,5,5
remove_gyros_magn_field,3,3
remove_gyros_magn_field,0,0
remove_gyros_magn_field,2,5
remove_gyros_magn_field,3,3
remove_gyros_magn_field,0,0
remove_gyros_magn_field,0,0
remove_gyros_magn_field,5,5
remove_gyros_magn_field,2,2
remove_gyros_magn_field,0,0
remove_gyros_magn_field,2,2
remove_gyros_magn_field,0,0
remove_gyros_magn_field,2,2
remove_gyros_magn_field,3,2
remove_gyros_magn_field,3,3
remove_gyros_magn_field,0,0
remove_gyros_magn_field,0,0
remove_gyros_magn_field,1,1
remove_gyros_magn_field,4,4
remove_gyros_magn_field,2,2
remove_gyros_magn_field,4,4
remove_gyros_magn_field,5,5
remove_gyros_magn_field,1,1
remove_gyros_magn_field,4,4
remove_gyros_magn_field,5,5
remove_gyros_magn_field,1,1
remove_gyros_magn_field,3,2
remove_gyros_magn_field,5,5
remove_gyros_magn_field,1,1
remove_gyros_magn_field,3,3
remove_gyros_magn_field,3,2
remove_gyros_magn_field,3,1
remove_gyros_magn_field,5,5
remove_gyros_magn_field,5,5
remove_gyros_magn_field,0,0
remove_gyros_magn_field,2,2
remove_gyros_magn_field,1,1
remove_gyros_magn_field,0,0
remove_gyros_magn_field,3,2
remove_gyros_magn_field,5,5
remove_gyros_magn_field,4,4
remove_gyros_magn_field,5,5
remove_gyros_magn_field,2,3
remove_gyros_magn_field,2,2
remove_gyros_magn_field,2,2
remove_gyros_magn_field,3,2
remove_gyros_magn_field,4,4
remove_gyros_magn_field,0,0
remove_gyros_magn_field,0,0
remove_gyros_magn_field,0,0
remove_gyros_magn_field,1,1
remove_gyros_magn_field,4,5
remove_gyros_magn_field,4,4
remove_gyros_magn_field,3,4
remove_gyros_magn_field,2,2
remove_gyros_magn_field,5,5
remove_gyros_magn_field,4,1
remove_gyros_magn_field,2,5
remove_gyros_magn_field,5,5
remove_gyros_magn_field,5,5
remove_gyros_magn_field,4,4
remove_gyros_magn_field,1,1
remove_gyros_magn_field,1,1
remove_gyros_magn_field,2,3
remove_gyros_magn_field,1,1
remove_gyros_magn_field,1,1
remove_gyros_magn_field,4,4
remove_gyros_magn_field,3,3
remove_gyros_magn_field,4,4
remove_lin_accel_game_rot_vec,1,1
remove_lin_accel_game_rot_vec,4,4
remove_lin_accel_game_rot_vec,1,1
remove_lin_accel_game_rot_vec,5,5
remove_lin_accel_game_rot_vec,3,3
remove_lin_accel_game_rot_vec,0,0
remove_lin_accel_game_rot_vec,2,5
remove_lin_accel_game_rot_vec,3,3
remove_lin_accel_game_rot_vec,0,0
remove_lin_accel_game_rot_vec,0,0
remove_lin_accel_game_rot_vec,5,5
remove_lin_accel_game_rot_vec,2,2
remove_lin_accel_game_rot_vec,0,0
remove_lin_accel_game_rot_vec,2,2
remove_lin_accel_game_rot_vec,0,0
remove_lin_accel_game_rot_vec,2,2
remove_lin_accel_game_rot_vec,3,4
remove_lin_accel_game_rot_vec,3,3
remove_lin_accel_game_rot_vec,0,0
remove_lin_accel_game_rot_vec,0,0
remove_lin_accel_game_rot_vec,1,1
remove_lin_accel_game_rot_vec,4,4
remove_lin_accel_game_rot_vec,2,2
remove_lin_accel_game_rot_vec,4,4
remove_lin_accel_game_rot_vec,5,5
remove_lin_accel_game_rot_vec,1,1
remove_lin_accel_game_rot_vec,4,4
remove_lin_accel_game_rot_vec,5,5
remove_lin_accel_game_rot_vec,1,1
remove_lin_accel_game_rot_vec,3,2
remove_lin_accel_game_rot_vec,5,5
remove_lin_accel_game_rot_vec,1,1
remove_lin_accel_game_rot_vec,3,3
remove_lin_accel_game_rot_vec,3,3
remove_lin_accel_game_rot_vec,3,1
remove_lin_accel_game_rot_vec,5,5
remove_lin_accel_game_rot_vec,5,5
remove_lin_accel_game_rot_vec,0,0
remove_lin_accel_game_rot_vec,2,2
remove_lin_accel_game_rot_vec,1,1
remove_lin_accel_game_rot_vec,0,0
remove_lin_accel_game_rot_vec,3,3
remove_lin_accel_game_rot_vec,5,5
remove_lin_accel_game_rot_vec,4,4
remove_lin_accel_game_rot_vec,5,5
remove_lin_accel_game_rot_vec,2,2
remove_lin_accel_game_rot_vec,2,2
remove_lin_accel_game_rot_vec,2,2
remove_lin_accel_game_rot_vec,3,2
remove_lin_accel_game_rot_vec,4,4
remove_lin_accel_game_rot_vec,0,0
remove_lin_accel_game_rot_vec,0,0
remove_lin_accel_game_rot_vec,0,0
remove_lin_accel_game_rot_vec,1,1
remove_lin_accel_game_rot_vec,4,5
remove_lin_accel_game_rot_vec,4,4
remove_lin_accel_game_rot_vec,3,4
remove_lin_accel_game_rot_vec,2,2
remove_lin_accel_game_rot_vec,5,5
remove_lin_accel_game_rot_vec,4,5
remove_lin_accel_game_rot_vec,2,5
remove_lin_accel_game_rot_vec,5,5
remove_lin_accel_game_rot_vec,5,5
remove_lin_accel_game_rot_vec,4,4
remove_lin_accel_game_rot_vec,1,1
remove_lin_accel_game_rot_vec,1,1
remove_lin_accel_game_rot_vec,2,2
remove_lin_accel_game_rot_vec,1,1
remove_lin_accel_game_rot_vec,1,1
remove_lin_accel_game_rot_vec,4,4
remove_lin_accel_game_rot_vec,3,3
remove_lin_accel_game_rot_vec,4,4
remove_lin_accel_magn_field,1,1
remove_lin_accel_magn_field,4,4
remove_lin_accel_magn_field,1,1
remove_lin_accel_magn_field,5,5
remove_lin_accel_magn_field,3,3
remove_lin_accel_magn_field,0,0
remove_lin_accel_magn_field,2,5
remove_lin_accel_magn_field,3,3
remove_lin_accel_magn_field,0,0
remove_lin_accel_magn_field,0,0
remove_lin_accel_magn_field,5,5
remove_lin_accel_magn_field,2,2
remove_lin_accel_magn_field,0,0
remove_lin_accel_magn_field,2,2
remove_lin_accel_magn_field,0,0
remove_lin_accel_magn_field,2,2
remove_lin_accel_magn_field,3,2
remove_lin_accel_magn_field,3,3
remove_lin_accel_magn_field,0,0
remove_lin_accel_magn_field,0,0
remove_lin_accel_magn_field,1,1
remove_lin_accel_magn_field,4,4
remove_lin_accel_magn_field,2,2
remove_lin_accel_magn_field,4,4
remove_lin_accel_magn_field,5,5
remove_lin_accel_magn_field,1,1
remove_lin_accel_magn_field,4,4
remove_lin_accel_magn_field,5,5
remove_lin_accel_magn_field,1,1
remove_lin_accel_magn_field,3,2
remove_lin_accel_magn_field,5,5
remove_lin_accel_magn_field,1,1
remove_lin_accel_magn_field,3,3
remove_lin_accel_magn_field,3,2
remove_lin_accel_magn_field,3,1
remove_lin_accel_magn_field,5,5
remove_lin_accel_magn_field,5,5
remove_lin_accel_magn_field,0,0
remove_lin_accel_magn_field,2,2
remove_lin_accel_magn_field,1,1
remove_lin_accel_magn_field,0,0
remove_lin_accel_magn_field,3,2
remove_lin_accel_magn_field,5,5
remove_lin_accel_magn_field,4,4
remove_lin_accel_magn_field,5,5
remove_lin_accel_magn_field,2,3
remove_lin_accel_magn_field,2,2
remove_lin_accel_magn_field,2,2
remove_lin_accel_magn_field,3,2
remove_lin_accel_magn_field,4,4
remove_lin_accel_magn_field,0,0
remove_lin_accel_magn_field,0,0
remove_lin_accel_magn_field,0,0
remove_lin_accel_magn_field,1,1
remove_lin_accel_magn_field,4,5
remove_lin_accel_magn_field,4,4
remove_lin_accel_magn_field,3,4
remove_lin_accel_magn_field,2,2
remove_lin_accel_magn_field,5,5
remove_lin_accel_magn_field,4,1
remove_lin_accel_magn_field,2,5
remove_lin_accel_magn_field,5,5
remove_lin_accel_magn_field,5,5
remove_lin_accel_magn_field,4,4
remove_lin_accel_magn_field,1,1
remove_lin_accel_magn_field,1,1
remove_lin_accel_magn_field,2,3
remove_lin_accel_magn_field,1,1
remove_lin_accel_magn_field,1,1
remove_lin_accel_magn_field,4,4
remove_lin_accel_magn_field,3,3
remove_lin_accel_magn_field,4,4
remove_game_rot_vec_magn_field,1,1
remove_game_rot_vec_magn_field,4,4
remove_game_rot_vec_magn_field,1,1
remove_game_rot_vec_magn_field,5,5
remove_game_rot_vec_magn_field,3,3
remove_game_rot_vec_magn_field,0,0
remove_game_rot_vec_magn_field,2,5
remove_game_rot_vec_magn_field,3,3
remove_game_rot_vec_magn_field,0,0
remove_game_rot_vec_magn_field,0,0
remove_game_rot_vec_magn_field,5,5
remove_game_rot_vec_magn_field,2,2
remove_game_rot_vec_magn_field,0,0
remove_game_rot_vec_magn_field,2,2
remove_game_rot_vec_magn_field,0,0
remove_game_rot_vec_magn_field,2,2
remove_game_rot_vec_magn_field,3,4
remove_game_rot_vec_magn_field,3,3
remove_game_rot_vec_magn_field,0,0
remove_game_rot_vec_magn_field,0,0
remove_game_rot_vec_magn_field,1,1
remove_game_rot_vec_magn_field,4,4
remove_game_rot_vec_magn_field,2,2
remove_game_rot_vec_magn_field,4,4
remove_game_rot_vec_magn_field,5,5
remove_game_rot_vec_magn_field,1,1
remove_game_rot_vec_magn_field,4,4
remove_game_rot_vec_magn_field,5,5
remove_game_rot_vec_magn_field,1,1
remove_game_rot_vec_magn_field,3,2
remove_game_rot_vec_magn_field,5,5
remove_game_rot_vec_magn_field,1,1
remove_game_rot_vec_magn_field,3,3
remove_game_rot_vec_magn_field,3,3
remove_game_rot_vec_magn_field,3,1
remove_game_rot_vec_magn_field,5,5
remove_game_rot_vec_magn_field,5,5
remove_game_rot_vec_magn_field,0,0
remove_game_rot_vec_magn_field,2,2
remove_game_rot_vec_magn_field,1,1
remove_game_rot_vec_magn_field,0,0
remove_game_rot_vec_magn_field,3,3
remove_game_rot_vec_magn_field,5,5
remove_game_rot_vec_magn_field,4,4
remove_game_rot_vec_magn_field,5,5
remove_game_rot_vec_magn_field,2,2
remove_game_rot_vec_magn_field,2,2
remove_game_rot_vec_magn_field,2,2
remove_game_rot_vec_magn_field,3,2
remove_game_rot_vec_magn_field,4,4
remove_game_rot_vec_magn_field,0,0
remove_game_rot_vec_magn_field,0,0
remove_game_rot_vec_magn_field,0,0
remove_game_rot_vec_magn_field,1,1
remove_game_rot_vec_magn_field,4,5
remove_game_rot_vec_magn_field,4,4
remove_game_rot_vec_magn_field,3,4
remove_game_rot_vec_magn_field,2,2
remove_game_rot_vec_magn_field,5,5
remove_game_rot_vec_magn_field,4,1
remove_game_rot_vec_magn_field,2,5
remove_game_rot_vec_magn_field,5,5
remove_game_rot_vec_magn_field,5,5
remove_game_rot_vec_magn_field,4,4
remove_game_rot_vec_magn_field,1,1
remove_game_rot_vec_magn_field,1,1
remove_game_rot_vec_magn_field,2,2
remove_game_rot_vec_magn_field,1,1
remove_game_rot_vec_magn_field,1,1
remove_game_rot_vec_magn_field,4,4
remove_game_rot_vec_magn_field,3,3
remove_game_rot_vec_magn_field,4,4
remove_accelerometer_gravity_gyros,1,1
remove_accelerometer_gravity_gyros,4,4
remove_accelerometer_gravity_gyros,1,1
remove_accelerometer_gravity_gyros,5,5
remove_accelerometer_gravity_gyros,3,3
remove_accelerometer_gravity_gyros,0,0
remove_accelerometer_gravity_gyros,2,5
remove_accelerometer_gravity_gyros,3,3
remove_accelerometer_gravity_gyros,0,0
remove_accelerometer_gravity_gyros,0,0
remove_accelerometer_gravity_gyros,5,5
remove_accelerometer_gravity_gyros,2,3
remove_accelerometer_gravity_gyros,0,0
remove_accelerometer_gravity_gyros,2,2
remove_accelerometer_gravity_gyros,0,0
remove_accelerometer_gravity_gyros,2,2
remove_accelerometer_gravity_gyros,3,4
remove_accelerometer_gravity_gyros,3,4
remove_accelerometer_gravity_gyros,0,0
remove_accelerometer_gravity_gyros,0,0
remove_accelerometer_gravity_gyros,1,1
remove_accelerometer_gravity_gyros,4,4
remove_accelerometer_gravity_gyros,2,2
remove_accelerometer_gravity_gyros,4,4
remove_accelerometer_gravity_gyros,5,5
remove_accelerometer_gravity_gyros,1,4
remove_accelerometer_gravity_gyros,4,4
remove_accelerometer_gravity_gyros,5,5
remove_accelerometer_gravity_gyros,1,1
remove_accelerometer_gravity_gyros,3,2
remove_accelerometer_gravity_gyros,5,5
remove_accelerometer_gravity_gyros,1,1
remove_accelerometer_gravity_gyros,3,3
remove_accelerometer_gravity_gyros,3,2
remove_accelerometer_gravity_gyros,3,3
remove_accelerometer_gravity_gyros,5,5
remove_accelerometer_gravity_gyros,5,5
remove_accelerometer_gravity_gyros,0,0
remove_accelerometer_gravity_gyros,2,2
remove_accelerometer_gravity_gyros,1,1
remove_accelerometer_gravity_gyros,0,0
remove_accelerometer_gravity_gyros,3,2
remove_accelerometer_gravity_gyros,5,5
remove_accelerometer_gravity_gyros,4,4
remove_accelerometer_gravity_gyros,5,5
remove_accelerometer_gravity_gyros,2,5
remove_accelerometer_gravity_gyros,2,2
remove_accelerometer_gravity_gyros,2,2
remove_accelerometer_gravity_gyros,3,2
remove_accelerometer_gravity_gyros,4,4
remove_accelerometer_gravity_gyros,0,0
remove_accelerometer_gravity_gyros,0,0
remove_accelerometer_gravity_gyros,0,0
remove_accelerometer_gravity_gyros,1,1
remove_accelerometer_gravity_gyros,4,5
remove_accelerometer_gravity_gyros,4,4
remove_accelerometer_gravity_gyros,3,4
remove_accelerometer_gravity_gyros,2,2
remove_accelerometer_gravity_gyros,5,5
remove_accelerometer_gravity_gyros,4,5
remove_accelerometer_gravity_gyros,2,5
remove_accelerometer_gravity_gyros,5,5
remove_accelerometer_gravity_gyros,5,5
remove_accelerometer_gravity_gyros,4,4
remove_accelerometer_gravity_gyros,1,1
remove_accelerometer_gravity_gyros,1,1
remove_accelerometer_gravity_gyros,2,3
remove_accelerometer_gravity_gyros,1,1
remove_accelerometer_gravity_gyros,1,1
remove_accelerometer_gravity_gyros,4,4
remove_accelerometer_gravity_gyros,3,3
remove_accelerometer_gravity_gyros,4,4
remove_accelerometer_gravity_lin_accel,1,1
remove_accelerometer_gravity_lin_accel,4,4
remove_accelerometer_gravity_lin_accel,1,1
remove_accelerometer_gravity_lin_accel,5,5
remove_accelerometer_gravity_lin_accel,3,3
remove_accelerometer_gravity_lin_accel,0,0
remove_accelerometer_gravity_lin_accel,2,5
remove_accelerometer_gravity_lin_accel,3,3
remove_accelerometer_gravity_lin_accel,0,0
remove_accelerometer_gravity_lin_accel,0,0
remove_accelerometer_gravity_lin_accel,5,5
remove_accelerometer_gravity_lin_accel,2,3
remove_accelerometer_gravity_lin_accel,0,0
remove_accelerometer_gravity_lin_accel,2,2
remove_accelerometer_gravity_lin_accel,0,0
remove_accelerometer_gravity_lin_accel,2,2
remove_accelerometer_gravity_lin_accel,3,4
remove_accelerometer_gravity_lin_accel,3,4
remove_accelerometer_gravity_lin_accel,0,0
remove_accelerometer_gravity_lin_accel,0,0
remove_accelerometer_gravity_lin_accel,1,5
remove_accelerometer_gravity_lin_accel,4,4
remove_accelerometer_gravity_lin_accel,2,1
remove_accelerometer_gravity_lin_accel,4,4
remove_accelerometer_gravity_lin_accel,5,5
remove_accelerometer_gravity_lin_accel,1,4
remove_accelerometer_gravity_lin_accel,4,4
remove_accelerometer_gravity_lin_accel,5,5
remove_accelerometer_gravity_lin_accel,1,1
remove_accelerometer_gravity_lin_accel,3,2
remove_accelerometer_gravity_lin_accel,5,5
remove_accelerometer_gravity_lin_accel,1,1
remove_accelerometer_gravity_lin_accel,3,3
remove_accelerometer_gravity_lin_accel,3,2
remove_accelerometer_gravity_lin_accel,3,3
remove_accelerometer_gravity_lin_accel,5,5
remove_accelerometer_gravity_lin_accel,5,5
remove_accelerometer_gravity_lin_accel,0,0
remove_accelerometer_gravity_lin_accel,2,3
remove_accelerometer_gravity_lin_accel,1,1
remove_accelerometer_gravity_lin_accel,0,0
remove_accelerometer_gravity_lin_accel,3,2
remove_accelerometer_gravity_lin_accel,5,5
remove_accelerometer_gravity_lin_accel,4,4
remove_accelerometer_gravity_lin_accel,5,5
remove_accelerometer_gravity_lin_accel,2,1
remove_accelerometer_gravity_lin_accel,2,2
remove_accelerometer_gravity_lin_accel,2,3
remove_accelerometer_gravity_lin_accel,3,2
remove_accelerometer_gravity_lin_accel,4,4
remove_accelerometer_gravity_lin_accel,0,0
remove_accelerometer_gravity_lin_accel,0,0
remove_accelerometer_gravity_lin_accel,0,0
remove_accelerometer_gravity_lin_accel,1,1
remove_accelerometer_gravity_lin_accel,4,5
remove_accelerometer_gravity_lin_accel,4,4
remove_accelerometer_gravity_lin_accel,3,4
remove_accelerometer_gravity_lin_accel,2,2
remove_accelerometer_gravity_lin_accel,5,5
remove_accelerometer_gravity_lin_accel,4,5
remove_accelerometer_gravity_lin_accel,2,5
remove_accelerometer_gravity_lin_accel,5,5
remove_accelerometer_gravity_lin_accel,5,5
remove_accelerometer_gravity_lin_accel,4,4
remove_accelerometer_gravity_lin_accel,1,1
remove_accelerometer_gravity_lin_accel,1,1
remove_accelerometer_gravity_lin_accel,2,3
remove_accelerometer_gravity_lin_accel,1,1
remove_accelerometer_gravity_lin_accel,1,1
remove_accelerometer_gravity_lin_accel,4,4
remove_accelerometer_gravity_lin_accel,3,3
remove_accelerometer_gravity_lin_accel,4,4
remove_accelerometer_gravity_game_rot_vec,1,1
remove_accelerometer_gravity_game_rot_vec,4,4
remove_accelerometer_gravity_game_rot_vec,1,1
remove_accelerometer_gravity_game_rot_vec,5,5
remove_accelerometer_gravity_game_rot_vec,3,3
remove_accelerometer_gravity_game_rot_vec,0,0
remove_accelerometer_gravity_game_rot_vec,2,5
remove_accelerometer_gravity_game_rot_vec,3,2
remove_accelerometer_gravity_game_rot_vec,0,0
remove_accelerometer_gravity_game_rot_vec,0,0
remove_accelerometer_gravity_game_rot_vec,5,5
remove_accelerometer_gravity_game_rot_vec,2,2
remove_accelerometer_gravity_game_rot_vec,0,0
remove_accelerometer_gravity_game_rot_vec,2,2
remove_accelerometer_gravity_game_rot_vec,0,0
remove_accelerometer_gravity_game_rot_vec,2,2
remove_accelerometer_gravity_game_rot_vec,3,4
remove_accelerometer_gravity_game_rot_vec,3,4
remove_accelerometer_gravity_game_rot_vec,0,0
remove_accelerometer_gravity_game_rot_vec,0,0
remove_accelerometer_gravity_game_rot_vec,1,1
remove_accelerometer_gravity_game_rot_vec,4,4
remove_accelerometer_gravity_game_rot_vec,2,1
remove_accelerometer_gravity_game_rot_vec,4,4
remove_accelerometer_gravity_game_rot_vec,5,5
remove_accelerometer_gravity_game_rot_vec,1,1
remove_accelerometer_gravity_game_rot_vec,4,4
remove_accelerometer_gravity_game_rot_vec,5,5
remove_accelerometer_gravity_game_rot_vec,1,1
remove_accelerometer_gravity_game_rot_vec,3,2
remove_accelerometer_gravity_game_rot_vec,5,5
remove_accelerometer_gravity_game_rot_vec,1,1
remove_accelerometer_gravity_game_rot_vec,3,3
remove_accelerometer_gravity_game_rot_vec,3,2
remove_accelerometer_gravity_game_rot_vec,3,3
remove_accelerometer_gravity_game_rot_vec,5,5
remove_accelerometer_gravity_game_rot_vec,5,5
remove_accelerometer_gravity_game_rot_vec,0,0
remove_accelerometer_gravity_game_rot_vec,2,2
remove_accelerometer_gravity_game_rot_vec,1,1
remove_accelerometer_gravity_game_rot_vec,0,0
remove_accelerometer_gravity_game_rot_vec,3,3
remove_accelerometer_gravity_game_rot_vec,5,5
remove_accelerometer_gravity_game_rot_vec,4,4
remove_accelerometer_gravity_game_rot_vec,5,5
remove_accelerometer_gravity_game_rot_vec,2,2
remove_accelerometer_gravity_game_rot_vec,2,3
remove_accelerometer_gravity_game_rot_vec,2,2
remove_accelerometer_gravity_game_rot_vec,3,2
remove_accelerometer_gravity_game_rot_vec,4,4
remove_accelerometer_gravity_game_rot_vec,0,0
remove_accelerometer_gravity_game_rot_vec,0,0
remove_accelerometer_gravity_game_rot_vec,0,0
remove_accelerometer_gravity_game_rot_vec,1,1
remove_accelerometer_gravity_game_rot_vec,4,5
remove_accelerometer_gravity_game_rot_vec,4,4
remove_accelerometer_gravity_game_rot_vec,3,4
remove_accelerometer_gravity_game_rot_vec,2,2
remove_accelerometer_gravity_game_rot_vec,5,5
remove_accelerometer_gravity_game_rot_vec,4,5
remove_accelerometer_gravity_game_rot_vec,2,5
remove_accelerometer_gravity_game_rot_vec,5,5
remove_accelerometer_gravity_game_rot_vec,5,5
remove_accelerometer_gravity_game_rot_vec,4,4
remove_accelerometer_gravity_game_rot_vec,1,1
remove_accelerometer_gravity_game_rot_vec,1,1
remove_accelerometer_gravity_game_rot_vec,2,3
remove_accelerometer_gravity_game_rot_vec,1,1
remove_accelerometer_gravity_game_rot_vec,1,1
remove_accelerometer_gravity_game_rot_vec,4,4
remove_accelerometer_gravity_game_rot_vec,3,3
remove_accelerometer_gravity_game_rot_vec,4,4
remove_accelerometer_gravity_magn_field,1,1
remove_accelerometer_gravity_magn_field,4,4
remove_accelerometer_gravity_magn_field,1,1
remove_accelerometer_gravity_magn_field,5,5
remove_accelerometer_gravity_magn_field,3,3
remove_accelerometer_gravity_magn_field,0,0
remove_accelerometer_gravity_magn_field,2,5
remove_accelerometer_gravity_magn_field,3,3
remove_accelerometer_gravity_magn_field,0,0
remove_accelerometer_gravity_magn_field,0,0
remove_accelerometer_gravity_magn_field,5,3
remove_accelerometer_gravity_magn_field,2,3
remove_accelerometer_gravity_magn_field,0,0
remove_accelerometer_gravity_magn_field,2,2
remove_accelerometer_gravity_magn_field,0,0
remove_accelerometer_gravity_magn_field,2,2
remove_accelerometer_gravity_magn_field,3,3
remove_accelerometer_gravity_magn_field,3,3
remove_accelerometer_gravity_magn_field,0,0
remove_accelerometer_gravity_magn_field,0,0
remove_accelerometer_gravity_magn_field,1,1
remove_accelerometer_gravity_magn_field,4,4
remove_accelerometer_gravity_magn_field,2,2
remove_accelerometer_gravity_magn_field,4,4
remove_accelerometer_gravity_magn_field,5,5
remove_accelerometer_gravity_magn_field,1,1
remove_accelerometer_gravity_magn_field,4,4
remove_accelerometer_gravity_magn_field,5,5
remove_accelerometer_gravity_magn_field,1,1
remove_accelerometer_gravity_magn_field,3,2
remove_accelerometer_gravity_magn_field,5,4
remove_accelerometer_gravity_magn_field,1,1
remove_accelerometer_gravity_magn_field,3,3
remove_accelerometer_gravity_magn_field,3,3
remove_accelerometer_gravity_magn_field,3,3
remove_accelerometer_gravity_magn_field,5,5
remove_accelerometer_gravity_magn_field,5,5
remove_accelerometer_gravity_magn_field,0,0
remove_accelerometer_gravity_magn_field,2,3
remove_accelerometer_gravity_magn_field,1,5
remove_accelerometer_gravity_magn_field,0,0
remove_accelerometer_gravity_magn_field,3,2
remove_accelerometer_gravity_magn_field,5,5
remove_accelerometer_gravity_magn_field,4,4
remove_accelerometer_gravity_magn_field,5,5
remove_accelerometer_gravity_magn_field,2,1
remove_accelerometer_gravity_magn_field,2,4
remove_accelerometer_gravity_magn_field,2,3
remove_accelerometer_gravity_magn_field,3,2
remove_accelerometer_gravity_magn_field,4,1
remove_accelerometer_gravity_magn_field,0,0
remove_accelerometer_gravity_magn_field,0,0
remove_accelerometer_gravity_magn_field,0,0
remove_accelerometer_gravity_magn_field,1,1
remove_accelerometer_gravity_magn_field,4,5
remove_accelerometer_gravity_magn_field,4,4
remove_accelerometer_gravity_magn_field,3,4
remove_accelerometer_gravity_magn_field,2,2
remove_accelerometer_gravity_magn_field,5,5
remove_accelerometer_gravity_magn_field,4,1
remove_accelerometer_gravity_magn_field,2,5
remove_accelerometer_gravity_magn_field,5,5
remove_accelerometer_gravity_magn_field,5,5
remove_accelerometer_gravity_magn_field,4,4
remove_accelerometer_gravity_magn_field,1,1
remove_accelerometer_gravity_magn_field,1,1
remove_accelerometer_gravity_magn_field,2,3
remove_accelerometer_gravity_magn_field,1,1
remove_accelerometer_gravity_magn_field,1,1
remove_accelerometer_gravity_magn_field,4,4
remove_accelerometer_gravity_magn_field,3,3
remove_accelerometer_gravity_magn_field,4,4
remove_accelerometer_gyros_lin_accel,1,1
remove_accelerometer_gyros_lin_accel,4,4
remove_accelerometer_gyros_lin_accel,1,1
remove_accelerometer_gyros_lin_accel,5,5
remove_accelerometer_gyros_lin_accel,3,3
remove_accelerometer_gyros_lin_accel,0,0
remove_accelerometer_gyros_lin_accel,2,5
remove_accelerometer_gyros_lin_accel,3,3
remove_accelerometer_gyros_lin_accel,0,0
remove_accelerometer_gyros_lin_accel,0,0
remove_accelerometer_gyros_lin_accel,5,5
remove_accelerometer_gyros_lin_accel,2,2
remove_accelerometer_gyros_lin_accel,0,0
remove_accelerometer_gyros_lin_accel,2,2
remove_accelerometer_gyros_lin_accel,0,0
remove_accelerometer_gyros_lin_accel,2,2
remove_accelerometer_gyros_lin_accel,3,2
remove_accelerometer_gyros_lin_accel,3,3
remove_accelerometer_gyros_lin_accel,0,0
remove_accelerometer_gyros_lin_accel,0,0
remove_accelerometer_gyros_lin_accel,1,1
remove_accelerometer_gyros_lin_accel,4,4
remove_accelerometer_gyros_lin_accel,2,2
remove_accelerometer_gyros_lin_accel,4,4
remove_accelerometer_gyros_lin_accel,5,5
remove_accelerometer_gyros_lin_accel,1,1
remove_accelerometer_gyros_lin_accel,4,4
remove_accelerometer_gyros_lin_accel,5,5
remove_accelerometer_gyros_lin_accel,1,1
remove_accelerometer_gyros_lin_accel,3,2
remove_accelerometer_gyros_lin_accel,5,5
remove_accelerometer_gyros_lin_accel,1,1
remove_accelerometer_gyros_lin_accel,3,3
remove_accelerometer_gyros_lin_accel,3,2
remove_accelerometer_gyros_lin_accel,3,3
remove_accelerometer_gyros_lin_accel,5,5
remove_accelerometer_gyros_lin_accel,5,5
remove_accelerometer_gyros_lin_accel,0,0
remove_accelerometer_gyros_lin_accel,2,2
remove_accelerometer_gyros_lin_accel,1,1
remove_accelerometer_gyros_lin_accel,0,0
remove_accelerometer_gyros_lin_accel,3,3
remove_accelerometer_gyros_lin_accel,5,5
remove_accelerometer_gyros_lin_accel,4,4
remove_accelerometer_gyros_lin_accel,5,5
remove_accelerometer_gyros_lin_accel,2,2
remove_accelerometer_gyros_lin_accel,2,2
remove_accelerometer_gyros_lin_accel,2,2
remove_accelerometer_gyros_lin_accel,3,2
remove_accelerometer_gyros_lin_accel,4,4
remove_accelerometer_gyros_lin_accel,0,0
remove_accelerometer_gyros_lin_accel,0,0
remove_accelerometer_gyros_lin_accel,0,0
remove_accelerometer_gyros_lin_accel,1,1
remove_accelerometer_gyros_lin_accel,4,5
remove_accelerometer_gyros_lin_accel,4,4
remove_accelerometer_gyros_lin_accel,3,4
remove_accelerometer_gyros_lin_accel,2,2
remove_accelerometer_gyros_lin_accel,5,5
remove_accelerometer_gyros_lin_accel,4,1
remove_accelerometer_gyros_lin_accel,2,5
remove_accelerometer_gyros_lin_accel,5,5
remove_accelerometer_gyros_lin_accel,5,5
remove_accelerometer_gyros_lin_accel,4,4
remove_accelerometer_gyros_lin_accel,1,1
remove_accelerometer_gyros_lin_accel,1,1
remove_accelerometer_gyros_lin_accel,2,3
remove_accelerometer_gyros_lin_accel,1,1
remove_accelerometer_gyros_lin_accel,1,1
remove_accelerometer_gyros_lin_accel,4,4
remove_accelerometer_gyros_lin_accel,3,3
remove_accelerometer_gyros_lin_accel,4,4
remove_accelerometer_gyros_game_rot_vec,1,1
remove_accelerometer_gyros_game_rot_vec,4,4
remove_accelerometer_gyros_game_rot_vec,1,1
remove_accelerometer_gyros_game_rot_vec,5,5
remove_accelerometer_gyros_game_rot_vec,3,3
remove_accelerometer_gyros_game_rot_vec,0,0
remove_accelerometer_gyros_game_rot_vec,2,5
remove_accelerometer_gyros_game_rot_vec,3,3
remove_accelerometer_gyros_game_rot_vec,0,0
remove_accelerometer_gyros_game_rot_vec,0,0
remove_accelerometer_gyros_game_rot_vec,5,5
remove_accelerometer_gyros_game_rot_vec,2,2
remove_accelerometer_gyros_game_rot_vec,0,0
remove_accelerometer_gyros_game_rot_vec,2,2
remove_accelerometer_gyros_game_rot_vec,0,0
remove_accelerometer_gyros_game_rot_vec,2,2
remove_accelerometer_gyros_game_rot_vec,3,2
remove_accelerometer_gyros_game_rot_vec,3,3
remove_accelerometer_gyros_game_rot_vec,0,0
remove_accelerometer_gyros_game_rot_vec,0,0
remove_accelerometer_gyros_game_rot_vec,1,1
remove_accelerometer_gyros_game_rot_vec,4,4
remove_accelerometer_gyros_game_rot_vec,2,2
remove_accelerometer_gyros_game_rot_vec,4,4
remove_accelerometer_gyros_game_rot_vec,5,5
remove_accelerometer_gyros_game_rot_vec,1,1
remove_accelerometer_gyros_game_rot_vec,4,4
remove_accelerometer_gyros_game_rot_vec,5,5
remove_accelerometer_gyros_game_rot_vec,1,1
remove_accelerometer_gyros_game_rot_vec,3,2
remove_accelerometer_gyros_game_rot_vec,5,5
remove_accelerometer_gyros_game_rot_vec,1,1
remove_accelerometer_gyros_game_rot_vec,3,3
remove_accelerometer_gyros_game_rot_vec,3,2
remove_accelerometer_gyros_game_rot_vec,3,3
remove_accelerometer_gyros_game_rot_vec,5,5
remove_accelerometer_gyros_game_rot_vec,5,5
remove_accelerometer_gyros_game_rot_vec,0,0
remove_accelerometer_gyros_game_rot_vec,2,2
remove_accelerometer_gyros_game_rot_vec,1,1
remove_accelerometer_gyros_game_rot_vec,0,0
remove_accelerometer_gyros_game_rot_vec,3,3
remove_accelerometer_gyros_game_rot_vec,5,5
remove_accelerometer_gyros_game_rot_vec,4,4
remove_accelerometer_gyros_game_rot_vec,5,5
remove_accelerometer_gyros_game_rot_vec,2,2
remove_accelerometer_gyros_game_rot_vec,2,3
remove_accelerometer_gyros_game_rot_vec,2,2
remove_accelerometer_gyros_game_rot_vec,3,2
remove_accelerometer_gyros_game_rot_vec,4,4
remove_accelerometer_gyros_game_rot_vec,0,0
remove_accelerometer_gyros_game_rot_vec,0,0
remove_accelerometer_gyros_game_rot_vec,0,0
remove_accelerometer_gyros_game_rot_vec,1,1
remove_accelerometer_gyros_game_rot_vec,4,5
remove_accelerometer_gyros_game_rot_vec,4,4
remove_accelerometer_gyros_game_rot_vec,3,4
remove_accelerometer_gyros_game_rot_vec,2,2
remove_accelerometer_gyros_game_rot_vec,5,5
remove_accelerometer_gyros_game_rot_vec,4,1
remove_accelerometer_gyros_game_rot_vec,2,5
remove_accelerometer_gyros_game_rot_vec,5,5
remove_accelerometer_gyros_game_rot_vec,5,5
remove_accelerometer_gyros_game_rot_vec,4,4
remove_accelerometer_gyros_game_rot_vec,1,1
remove_accelerometer_gyros_game_rot_vec,1,1
remove_accelerometer_gyros_game_rot_vec,2,3
remove_accelerometer_gyros_game_rot_vec,1,1
remove_accelerometer_gyros_game_rot_vec,1,1
remove_accelerometer_gyros_game_rot_vec,4,4
remove_accelerometer_gyros_game_rot_vec,3,3
remove_accelerometer_gyros_game_rot_vec,4,4
remove_accelerometer_gyros_magn_field,1,1
remove_accelerometer_gyros_magn_field,4,4
remove_accelerometer_gyros_magn_field,1,1
remove_accelerometer_gyros_magn_field,5,5
remove_accelerometer_gyros_magn_field,3,3
remove_accelerometer_gyros_magn_field,0,0
remove_accelerometer_gyros_magn_field,2,5
remove_accelerometer_gyros_magn_field,3,3
remove_accelerometer_gyros_magn_field,0,0
remove_accelerometer_gyros_magn_field,0,0
remove_accelerometer_gyros_magn_field,5,5
remove_accelerometer_gyros_magn_field,2,2
remove_accelerometer_gyros_magn_field,0,0
remove_accelerometer_gyros_magn_field,2,2
remove_accelerometer_gyros_magn_field,0,0
remove_accelerometer_gyros_magn_field,2,2
remove_accelerometer_gyros_magn_field,3,2
remove_accelerometer_gyros_magn_field,3,3
remove_accelerometer_gyros_magn_field,0,0
remove_accelerometer_gyros_magn_field,0,0
remove_accelerometer_gyros_magn_field,1,1
remove_accelerometer_gyros_magn_field,4,4
remove_accelerometer_gyros_magn_field,2,2
remove_accelerometer_gyros_magn_field,4,4
remove_accelerometer_gyros_magn_field,5,5
remove_accelerometer_gyros_magn_field,1,1
remove_accelerometer_gyros_magn_field,4,4
remove_accelerometer_gyros_magn_field,5,5
remove_accelerometer_gyros_magn_field,1,1
remove_accelerometer_gyros_magn_field,3,2
remove_accelerometer_gyros_magn_field,5,5
remove_accelerometer_gyros_magn_field,1,1
remove_accelerometer_gyros_magn_field,3,3
remove_accelerometer_gyros_magn_field,3,2
remove_accelerometer_gyros_magn_field,3,3
remove_accelerometer_gyros_magn_field,5,5
remove_accelerometer_gyros_magn_field,5,5
remove_accelerometer_gyros_magn_field,0,0
remove_accelerometer_gyros_magn_field,2,3
remove_accelerometer_gyros_magn_field,1,1
remove_accelerometer_gyros_magn_field,0,0
remove_accelerometer_gyros_magn_field,3,2
remove_accelerometer_gyros_magn_field,5,5
remove_accelerometer_gyros_magn_field,4,4
remove_accelerometer_gyros_magn_field,5,5
remove_accelerometer_gyros_magn_field,2,2
remove_accelerometer_gyros_magn_field,2,2
remove_accelerometer_gyros_magn_field,2,2
remove_accelerometer_gyros_magn_field,3,2
remove_accelerometer_gyros_magn_field,4,4
remove_accelerometer_gyros_magn_field,0,0
remove_accelerometer_gyros_magn_field,0,0
remove_accelerometer_gyros_magn_field,0,0
remove_accelerometer_gyros_magn_field,1,1
remove_accelerometer_gyros_magn_field,4,5
remove_accelerometer_gyros_magn_field,4,4
remove_accelerometer_gyros_magn_field,3,4
remove_accelerometer_gyros_magn_field,2,2
remove_accelerometer_gyros_magn_field,5,5
remove_accelerometer_gyros_magn_field,4,1
remove_accelerometer_gyros_magn_field,2,5
remove_accelerometer_gyros_magn_field,5,5
remove_accelerometer_gyros_magn_field,5,5
remove_accelerometer_gyros_magn_field,4,4
remove_accelerometer_gyros_magn_field,1,1
remove_accelerometer_gyros_magn_field,1,1
remove_accelerometer_gyros_magn_field,2,3
remove_accelerometer_gyros_magn_field,1,1
remove_accelerometer_gyros_magn_field,1,1
remove_accelerometer_gyros_magn_field,4,4
remove_accelerometer_gyros_magn_field,3,3
remove_accelerometer_gyros_magn_field,4,4
remove_accelerometer_lin_accel_game_rot_vec,1,1
remove_accelerometer_lin_accel_game_rot_vec,4,4
remove_accelerometer_lin_accel_game_rot_vec,1,1
remove_accelerometer_lin_accel_game_rot_vec,5,5
remove_accelerometer_lin_accel_game_rot_vec,3,3
remove_accelerometer_lin_accel_game_rot_vec,0,0
remove_accelerometer_lin_accel_game_rot_vec,2,5
remove_accelerometer_lin_accel_game_rot_vec,3,3
remove_accelerometer_lin_accel_game_rot_vec,0,0
remove_accelerometer_lin_accel_game_rot_vec,0,0
remove_accelerometer_lin_accel_game_rot_vec,5,5
remove_accelerometer_lin_accel_game_rot_vec,2,2
remove_accelerometer_lin_accel_game_rot_vec,0,0
remove_accelerometer_lin_accel_game_rot_vec,2,2
remove_accelerometer_lin_accel_game_rot_vec,0,0
remove_accelerometer_lin_accel_game_rot_vec,2,2
remove_accelerometer_lin_accel_game_rot_vec,3,2
remove_accelerometer_lin_accel_game_rot_vec,3,2
remove_accelerometer_lin_accel_game_rot_vec,0,0
remove_accelerometer_lin_accel_game_rot_vec,0,0
remove_accelerometer_lin_accel_game_rot_vec,1,1
remove_accelerometer_lin_accel_game_rot_vec,4,4
remove_accelerometer_lin_accel_game_rot_vec,2,2
remove_accelerometer_lin_accel_game_rot_vec,4,4
remove_accelerometer_lin_accel_game_rot_vec,5,5
remove_accelerometer_lin_accel_game_rot_vec,1,1
remove_accelerometer_lin_accel_game_rot_vec,4,4
remove_accelerometer_lin_accel_game_rot_vec,5,5
remove_accelerometer_lin_accel_game_rot_vec,1,1
remove_accelerometer_lin_accel_game_rot_vec,3,3
remove_accelerometer_lin_accel_game_rot_vec,5,5
remove_accelerometer_lin_accel_game_rot_vec,1,1
remove_accelerometer_lin_accel_game_rot_vec,3,3
remove_accelerometer_lin_accel_game_rot_vec,3,2
remove_accelerometer_lin_accel_game_rot_vec,3,3
remove_accelerometer_lin_accel_game_rot_vec,5,5
remove_accelerometer_lin_accel_game_rot_vec,5,5
remove_accelerometer_lin_accel_game_rot_vec,0,0
remove_accelerometer_lin_accel_game_rot_vec,2,2
remove_accelerometer_lin_accel_game_rot_vec,1,1
remove_accelerometer_lin_accel_game_rot_vec,0,0
remove_accelerometer_lin_accel_game_rot_vec,3,3
remove_accelerometer_lin_accel_game_rot_vec,5,5
remove_accelerometer_lin_accel_game_rot_vec,4,4
remove_accelerometer_lin_accel_game_rot_vec,5,5
remove_accelerometer_lin_accel_game_rot_vec,2,2
remove_accelerometer_lin_accel_game_rot_vec,2,2
remove_accelerometer_lin_accel_game_rot_vec,2,2
remove_accelerometer_lin_accel_game_rot_vec,3,2
remove_accelerometer_lin_accel_game_rot_vec,4,4
remove_accelerometer_lin_accel_game_rot_vec,0,0
remove_accelerometer_lin_accel_game_rot_vec,0,0
remove_accelerometer_lin_accel_game_rot_vec,0,0
remove_accelerometer_lin_accel_game_rot_vec,1,1
remove_accelerometer_lin_accel_game_rot_vec,4,5
remove_accelerometer_lin_accel_game_rot_vec,4,4
remove_accelerometer_lin_accel_game_rot_vec,3,4
remove_accelerometer_lin_accel_game_rot_vec,2,2
remove_accelerometer_lin_accel_game_rot_vec,5,5
remove_accelerometer_lin_accel_game_rot_vec,4,1
remove_accelerometer_lin_accel_game_rot_vec,2,5
remove_accelerometer_lin_accel_game_rot_vec,5,5
remove_accelerometer_lin_accel_game_rot_vec,5,5
remove_accelerometer_lin_accel_game_rot_vec,4,4
remove_accelerometer_lin_accel_game_rot_vec,1,1
remove_accelerometer_lin_accel_game_rot_vec,1,1
remove_accelerometer_lin_accel_game_rot_vec,2,3
remove_accelerometer_lin_accel_game_rot_vec,1,1
remove_accelerometer_lin_accel_game_rot_vec,1,1
remove_accelerometer_lin_accel_game_rot_vec,4,4
remove_accelerometer_lin_accel_game_rot_vec,3,3
remove_accelerometer_lin_accel_game_rot_vec,4,4
remove_accelerometer_lin_accel_magn_field,1,1
remove_accelerometer_lin_accel_magn_field,4,4
remove_accelerometer_lin_accel_magn_field,1,1
remove_accelerometer_lin_accel_magn_field,5,5
remove_accelerometer_lin_accel_magn_field,3,3
remove_accelerometer_lin_accel_magn_field,0,0
remove_accelerometer_lin_accel_magn_field,2,5
remove_accelerometer_lin_accel_magn_field,3,3
remove_accelerometer_lin_accel_magn_field,0,0
remove_accelerometer_lin_accel_magn_field,0,0
remove_accelerometer_lin_accel_magn_field,5,5
remove_accelerometer_lin_accel_magn_field,2,2
remove_accelerometer_lin_accel_magn_field,0,0
remove_accelerometer_lin_accel_magn_field,2,2
remove_accelerometer_lin_accel_magn_field,0,0
remove_accelerometer_lin_accel_magn_field,2,2
remove_accelerometer_lin_accel_magn_field,3,2
remove_accelerometer_lin_accel_magn_field,3,3
remove_accelerometer_lin_accel_magn_field,0,0
remove_accelerometer_lin_accel_magn_field,0,0
remove_accelerometer_lin_accel_magn_field,1,1
remove_accelerometer_lin_accel_magn_field,4,4
remove_accelerometer_lin_accel_magn_field,2,2
remove_accelerometer_lin_accel_magn_field,4,4
remove_accelerometer_lin_accel_magn_field,5,5
remove_accelerometer_lin_accel_magn_field,1,1
remove_accelerometer_lin_accel_magn_field,4,4
remove_accelerometer_lin_accel_magn_field,5,5
remove_accelerometer_lin_accel_magn_field,1,1
remove_accelerometer_lin_accel_magn_field,3,2
remove_accelerometer_lin_accel_magn_field,5,5
remove_accelerometer_lin_accel_magn_field,1,1
remove_accelerometer_lin_accel_magn_field,3,3
remove_accelerometer_lin_accel_magn_field,3,2
remove_accelerometer_lin_accel_magn_field,3,3
remove_accelerometer_lin_accel_magn_field,5,5
remove_accelerometer_lin_accel_magn_field,5,5
remove_accelerometer_lin_accel_magn_field,0,0
remove_accelerometer_lin_accel_magn_field,2,2
remove_accelerometer_lin_accel_magn_field,1,1
remove_accelerometer_lin_accel_magn_field,0,0
remove_accelerometer_lin_accel_magn_field,3,2
remove_accelerometer_lin_accel_magn_field,5,5
remove_accelerometer_lin_accel_magn_field,4,4
remove_accelerometer_lin_accel_magn_field,5,5
remove_accelerometer_lin_accel_magn_field,2,2
remove_accelerometer_lin_accel_magn_field,2,2
remove_accelerometer_lin_accel_magn_field,2,2
remove_accelerometer_lin_accel_magn_field,3,2
remove_accelerometer_lin_accel_magn_field,4,4
remove_accelerometer_lin_accel_magn_field,0,0
remove_accelerometer_lin_accel_magn_field,0,0
remove_accelerometer_lin_accel_magn_field,0,0
remove_accelerometer_lin_accel_magn_field,1,1
remove_accelerometer_lin_accel_magn_field,4,5
remove_accelerometer_lin_accel_magn_field,4,4
remove_accelerometer_lin_accel_magn_field,3,4
remove_accelerometer_lin_accel_magn_field,2,2
remove_accelerometer_lin_accel_magn_field,5,5
remove_accelerometer_lin_accel_magn_field,4,1
remove_accelerometer_lin_accel_magn_field,2,5
remove_accelerometer_lin_accel_magn_field,5,5
remove_accelerometer_lin_accel_magn_field,5,5
remove_accelerometer_lin_accel_magn_field,4,4
remove_accelerometer_lin_accel_magn_field,1,1
remove_accelerometer_lin_accel_magn_field,1,1
remove_accelerometer_lin_accel_magn_field,2,3
remove_accelerometer_lin_accel_magn_field,1,1
remove_accelerometer_lin_accel_magn_field,1,1
remove_accelerometer_lin_accel_magn_field,4,4
remove_accelerometer_lin_accel_magn_field,3,3
remove_accelerometer_lin_accel_magn_field,4,4
remove_accelerometer_game_rot_vec_magn_field,1,1
remove_accelerometer_game_rot_vec_magn_field,4,4
remove_accelerometer_game_rot_vec_magn_field,1,1
remove_accelerometer_game_rot_vec_magn_field,5,5
remove_accelerometer_game_rot_vec_magn_field,3,3
remove_accelerometer_game_rot_vec_magn_field,0,0
remove_accelerometer_game_rot_vec_magn_field,2,5
remove_accelerometer_game_rot_vec_magn_field,3,3
remove_accelerometer_game_rot_vec_magn_field,0,0
remove_accelerometer_game_rot_vec_magn_field,0,0
remove_accelerometer_game_rot_vec_magn_field,5,5
remove_accelerometer_game_rot_vec_magn_field,2,2
remove_accelerometer_game_rot_vec_magn_field,0,0
remove_accelerometer_game_rot_vec_magn_field,2,2
remove_accelerometer_game_rot_vec_magn_field,0,0
remove_accelerometer_game_rot_vec_magn_field,2,2
remove_accelerometer_game_rot_vec_magn_field,3,2
remove_accelerometer_game_rot_vec_magn_field,3,3
remove_accelerometer_game_rot_vec_magn_field,0,0
remove_accelerometer_game_rot_vec_magn_field,0,0
remove_accelerometer_game_rot_vec_magn_field,1,1
remove_accelerometer_game_rot_vec_magn_field,4,4
remove_accelerometer_game_rot_vec_magn_field,2,2
remove_accelerometer_game_rot_vec_magn_field,4,4
remove_accelerometer_game_rot_vec_magn_field,5,5
remove_accelerometer_game_rot_vec_magn_field,1,1
remove_accelerometer_game_rot_vec_magn_field,4,4
remove_accelerometer_game_rot_vec_magn_field,5,5
remove_accelerometer_game_rot_vec_magn_field,1,1
remove_accelerometer_game_rot_vec_magn_field,3,2
remove_accelerometer_game_rot_vec_magn_field,5,5
remove_accelerometer_game_rot_vec_magn_field,1,1
remove_accelerometer_game_rot_vec_magn_field,3,3
remove_accelerometer_game_rot_vec_magn_field,3,2
remove_accelerometer_game_rot_vec_magn_field,3,3
remove_accelerometer_game_rot_vec_magn_field,5,5
remove_accelerometer_game_rot_vec_magn_field,5,5
remove_accelerometer_game_rot_vec_magn_field,0,0
remove_accelerometer_game_rot_vec_magn_field,2,2
remove_accelerometer_game_rot_vec_magn_field,1,1
remove_accelerometer_game_rot_vec_magn_field,0,0
remove_accelerometer_game_rot_vec_magn_field,3,3
remove_accelerometer_game_rot_vec_magn_field,5,5
remove_accelerometer_game_rot_vec_magn_field,4,4
remove_accelerometer_game_rot_vec_magn_field,5,5
remove_accelerometer_game_rot_vec_magn_field,2,2
remove_accelerometer_game_rot_vec_magn_field,2,3
remove_accelerometer_game_rot_vec_magn_field,2,2
remove_accelerometer_game_rot_vec_magn_field,3,2
remove_accelerometer_game_rot_vec_magn_field,4,4
remove_accelerometer_game_rot_vec_magn_field,0,0
remove_accelerometer_game_rot_vec_magn_field,0,0
remove_accelerometer_game_rot_vec_magn_field,0,0
remove_accelerometer_game_rot_vec_magn_field,1,1
remove_accelerometer_game_rot_vec_magn_field,4,5
remove_accelerometer_game_rot_vec_magn_field,4,4
remove_accelerometer_game_rot_vec_magn_field,3,4
remove_accelerometer_game_rot_vec_magn_field,2,2
remove_accelerometer_game_rot_vec_magn_field,5,5
remove_accelerometer_game_rot_vec_magn_field,4,1
remove_accelerometer_game_rot_vec_magn_field,2,5
remove_accelerometer_game_rot_vec_magn_field,5,5
remove_accelerometer_game_rot_vec_magn_field,5,5
remove_accelerometer_game_rot_vec_magn_field,4,4
remove_accelerometer_game_rot_vec_magn_field,1,1
remove_accelerometer_game_rot_vec_magn_field,1,1
remove_accelerometer_game_rot_vec_magn_field,2,2
remove_accelerometer_game_rot_vec_magn_field,1,1
remove_accelerometer_game_rot_vec_magn_field,1,1
remove_accelerometer_game_rot_vec_magn_field,4,4
remove_accelerometer_game_rot_vec_magn_field,3,3
remove_accelerometer_game_rot_vec_magn_field,4,4
remove_gravity_gyros_lin_accel,1,1
remove_gravity_gyros_lin_accel,4,4
remove_gravity_gyros_lin_accel,1,1
remove_gravity_gyros_lin_accel,5,5
remove_gravity_gyros_lin_accel,3,3
remove_gravity_gyros_lin_accel,0,0
remove_gravity_gyros_lin_accel,2,5
remove_gravity_gyros_lin_accel,3,3
remove_gravity_gyros_lin_accel,0,0
remove_gravity_gyros_lin_accel,0,0
remove_gravity_gyros_lin_accel,5,5
remove_gravity_gyros_lin_accel,2,3
remove_gravity_gyros_lin_accel,0,0
remove_gravity_gyros_lin_accel,2,2
remove_gravity_gyros_lin_accel,0,0
remove_gravity_gyros_lin_accel,2,2
remove_gravity_gyros_lin_accel,3,2
remove_gravity_gyros_lin_accel,3,4
remove_gravity_gyros_lin_accel,0,0
remove_gravity_gyros_lin_accel,0,0
remove_gravity_gyros_lin_accel,1,1
remove_gravity_gyros_lin_accel,4,4
remove_gravity_gyros_lin_accel,2,2
remove_gravity_gyros_lin_accel,4,4
remove_gravity_gyros_lin_accel,5,5
remove_gravity_gyros_lin_accel,1,1
remove_gravity_gyros_lin_accel,4,4
remove_gravity_gyros_lin_accel,5,5
remove_gravity_gyros_lin_accel,1,1
remove_gravity_gyros_lin_accel,3,2
remove_gravity_gyros_lin_accel,5,5
remove_gravity_gyros_lin_accel,1,1
remove_gravity_gyros_lin_accel,3,3
remove_gravity_gyros_lin_accel,3,3
remove_gravity_gyros_lin_accel,3,1
remove_gravity_gyros_lin_accel,5,5
remove_gravity_gyros_lin_accel,5,5
remove_gravity_gyros_lin_accel,0,0
remove_gravity_gyros_lin_accel,2,2
remove_gravity_gyros_lin_accel,1,1
remove_gravity_gyros_lin_accel,0,0
remove_gravity_gyros_lin_accel,3,3
remove_gravity_gyros_lin_accel,5,5
remove_gravity_gyros_lin_accel,4,4
remove_gravity_gyros_lin_accel,5,5
remove_gravity_gyros_lin_accel,2,2
remove_gravity_gyros_lin_accel,2,2
remove_gravity_gyros_lin_accel,2,3
remove_gravity_gyros_lin_accel,3,2
remove_gravity_gyros_lin_accel,4,4
remove_gravity_gyros_lin_accel,0,0
remove_gravity_gyros_lin_accel,0,0
remove_gravity_gyros_lin_accel,0,0
remove_gravity_gyros_lin_accel,1,1
remove_gravity_gyros_lin_accel,4,5
remove_gravity_gyros_lin_accel,4,4
remove_gravity_gyros_lin_accel,3,4
remove_gravity_gyros_lin_accel,2,2
remove_gravity_gyros_lin_accel,5,5
remove_gravity_gyros_lin_accel,4,5
remove_gravity_gyros_lin_accel,2,5
remove_gravity_gyros_lin_accel,5,5
remove_gravity_gyros_lin_accel,5,5
remove_gravity_gyros_lin_accel,4,4
remove_gravity_gyros_lin_accel,1,1
remove_gravity_gyros_lin_accel,1,1
remove_gravity_gyros_lin_accel,2,3
remove_gravity_gyros_lin_accel,1,1
remove_gravity_gyros_lin_accel,1,1
remove_gravity_gyros_lin_accel,4,4
remove_gravity_gyros_lin_accel,3,3
remove_gravity_gyros_lin_accel,4,4
remove_gravity_gyros_game_rot_vec,1,1
remove_gravity_gyros_game_rot_vec,4,4
remove_gravity_gyros_game_rot_vec,1,1
remove_gravity_gyros_game_rot_vec,5,5
remove_gravity_gyros_game_rot_vec,3,3
remove_gravity_gyros_game_rot_vec,0,0
remove_gravity_gyros_game_rot_vec,2,5
remove_gravity_gyros_game_rot_vec,3,2
remove_gravity_gyros_game_rot_vec,0,0
remove_gravity_gyros_game_rot_vec,0,0
remove_gravity_gyros_game_rot_vec,5,5
remove_gravity_gyros_game_rot_vec,2,2
remove_gravity_gyros_game_rot_vec,0,0
remove_gravity_gyros_game_rot_vec,2,2
remove_gravity_gyros_game_rot_vec,0,0
remove_gravity_gyros_game_rot_vec,2,2
remove_gravity_gyros_game_rot_vec,3,3
remove_gravity_gyros_game_rot_vec,3,4
remove_gravity_gyros_game_rot_vec,0,0
remove_gravity_gyros_game_rot_vec,0,0
remove_gravity_gyros_game_rot_vec,1,1
remove_gravity_gyros_game_rot_vec,4,4
remove_gravity_gyros_game_rot_vec,2,2
remove_gravity_gyros_game_rot_vec,4,4
remove_gravity_gyros_game_rot_vec,5,5
remove_gravity_gyros_game_rot_vec,1,1
remove_gravity_gyros_game_rot_vec,4,4
remove_gravity_gyros_game_rot_vec,5,5
remove_gravity_gyros_game_rot_vec,1,1
remove_gravity_gyros_game_rot_vec,3,2
remove_gravity_gyros_game_rot_vec,5,5
remove_gravity_gyros_game_rot_vec,1,1
remove_gravity_gyros_game_rot_vec,3,3
remove_gravity_gyros_game_rot_vec,3,3
remove_gravity_gyros_game_rot_vec,3,1
remove_gravity_gyros_game_rot_vec,5,5
remove_gravity_gyros_game_rot_vec,5,5
remove_gravity_gyros_game_rot_vec,0,0
remove_gravity_gyros_game_rot_vec,2,2
remove_gravity_gyros_game_rot_vec,1,1
remove_gravity_gyros_game_rot_vec,0,0
remove_gravity_gyros_game_rot_vec,3,3
remove_gravity_gyros_game_rot_vec,5,5
remove_gravity_gyros_game_rot_vec,4,4
remove_gravity_gyros_game_rot_vec,5,5
remove_gravity_gyros_game_rot_vec,2,2
remove_gravity_gyros_game_rot_vec,2,3
remove_gravity_gyros_game_rot_vec,2,2
remove_gravity_gyros_game_rot_vec,3,2
remove_gravity_gyros_game_rot_vec,4,4
remove_gravity_gyros_game_rot_vec,0,0
remove_gravity_gyros_game_rot_vec,0,0
remove_gravity_gyros_game_rot_vec,0,0
remove_gravity_gyros_game_rot_vec,1,1
remove_gravity_gyros_game_rot_vec,4,5
remove_gravity_gyros_game_rot_vec,4,4
remove_gravity_gyros_game_rot_vec,3,4
remove_gravity_gyros_game_rot_vec,2,2
remove_gravity_gyros_game_rot_vec,5,5
remove_gravity_gyros_game_rot_vec,4,5
remove_gravity_gyros_game_rot_vec,2,5
remove_gravity_gyros_game_rot_vec,5,5
remove_gravity_gyros_game_rot_vec,5,5
remove_gravity_gyros_game_rot_vec,4,4
remove_gravity_gyros_game_rot_vec,1,1
remove_gravity_gyros_game_rot_vec,1,1
remove_gravity_gyros_game_rot_vec,2,2
remove_gravity_gyros_game_rot_vec,1,1
remove_gravity_gyros_game_rot_vec,1,1
remove_gravity_gyros_game_rot_vec,4,4
remove_gravity_gyros_game_rot_vec,3,3
remove_gravity_gyros_game_rot_vec,4,4
remove_gravity_gyros_magn_field,1,1
remove_gravity_gyros_magn_field,4,4
remove_gravity_gyros_magn_field,1,1
remove_gravity_gyros_magn_field,5,5
remove_gravity_gyros_magn_field,3,3
remove_gravity_gyros_magn_field,0,0
remove_gravity_gyros_magn_field,2,5
remove_gravity_gyros_magn_field,3,3
remove_gravity_gyros_magn_field,0,0
remove_gravity_gyros_magn_field,0,0
remove_gravity_gyros_magn_field,5,5
remove_gravity_gyros_magn_field,2,2
remove_gravity_gyros_magn_field,0,0
remove_gravity_gyros_magn_field,2,2
remove_gravity_gyros_magn_field,0,0
remove_gravity_gyros_magn_field,2,2
remove_gravity_gyros_magn_field,3,2
remove_gravity_gyros_magn_field,3,3
remove_gravity_gyros_magn_field,0,0
remove_gravity_gyros_magn_field,0,0
remove_gravity_gyros_magn_field,1,1
remove_gravity_gyros_magn_field,4,4
remove_gravity_gyros_magn_field,2,2
remove_gravity_gyros_magn_field,4,4
remove_gravity_gyros_magn_field,5,5
remove_gravity_gyros_magn_field,1,1
remove_gravity_gyros_magn_field,4,4
remove_gravity_gyros_magn_field,5,5
remove_gravity_gyros_magn_field,1,1
remove_gravity_gyros_magn_field,3,2
remove_gravity_gyros_magn_field,5,4
remove_gravity_gyros_magn_field,1,1
remove_gravity_gyros_magn_field,3,3
remove_gravity_gyros_magn_field,3,3
remove_gravity_gyros_magn_field,3,1
remove_gravity_gyros_magn_field,5,5
remove_gravity_gyros_magn_field,5,5
remove_gravity_gyros_magn_field,0,0
remove_gravity_gyros_magn_field,2,2
remove_gravity_gyros_magn_field,1,1
remove_gravity_gyros_magn_field,0,0
remove_gravity_gyros_magn_field,3,2
remove_gravity_gyros_magn_field,5,5
remove_gravity_gyros_magn_field,4,4
remove_gravity_gyros_magn_field,5,5
remove_gravity_gyros_magn_field,2,2
remove_gravity_gyros_magn_field,2,2
remove_gravity_gyros_magn_field,2,1
remove_gravity_gyros_magn_field,3,2
remove_gravity_gyros_magn_field,4,4
remove_gravity_gyros_magn_field,0,0
remove_gravity_gyros_magn_field,0,0
remove_gravity_gyros_magn_field,0,0
remove_gravity_gyros_magn_field,1,1
remove_gravity_gyros_magn_field,4,5
remove_gravity_gyros_magn_field,4,4
remove_gravity_gyros_magn_field,3,4
remove_gravity_gyros_magn_field,2,2
remove_gravity_gyros_magn_field,5,5
remove_gravity_gyros_magn_field,4,1
remove_gravity_gyros_magn_field,2,5
remove_gravity_gyros_magn_field,5,5
remove_gravity_gyros_magn_field,5,5
remove_gravity_gyros_magn_field,4,3
remove_gravity_gyros_magn_field,1,4
remove_gravity_gyros_magn_field,1,1
remove_gravity_gyros_magn_field,2,3
remove_gravity_gyros_magn_field,1,1
remove_gravity_gyros_magn_field,1,1
remove_gravity_gyros_magn_field,4,4
remove_gravity_gyros_magn_field,3,3
remove_gravity_gyros_magn_field,4,4
remove_gravity_lin_accel_game_rot_vec,1,1
remove_gravity_lin_accel_game_rot_vec,4,4
remove_gravity_lin_accel_game_rot_vec,1,1
remove_gravity_lin_accel_game_rot_vec,5,5
remove_gravity_lin_accel_game_rot_vec,3,3
remove_gravity_lin_accel_game_rot_vec,0,0
remove_gravity_lin_accel_game_rot_vec,2,5
remove_gravity_lin_accel_game_rot_vec,3,2
remove_gravity_lin_accel_game_rot_vec,0,0
remove_gravity_lin_accel_game_rot_vec,0,0
remove_gravity_lin_accel_game_rot_vec,5,5
remove_gravity_lin_accel_game_rot_vec,2,3
remove_gravity_lin_accel_game_rot_vec,0,0
remove_gravity_lin_accel_game_rot_vec,2,2
remove_gravity_lin_accel_game_rot_vec,0,0
remove_gravity_lin_accel_game_rot_vec,2,2
remove_gravity_lin_accel_game_rot_vec,3,4
remove_gravity_lin_accel_game_rot_vec,3,4
remove_gravity_lin_accel_game_rot_vec,0,0
remove_gravity_lin_accel_game_rot_vec,0,0
remove_gravity_lin_accel_game_rot_vec,1,1
remove_gravity_lin_accel_game_rot_vec,4,4
remove_gravity_lin_accel_game_rot_vec,2,2
remove_gravity_lin_accel_game_rot_vec,4,4
remove_gravity_lin_accel_game_rot_vec,5,5
remove_gravity_lin_accel_game_rot_vec,1,1
remove_gravity_lin_accel_game_rot_vec,4,4
remove_gravity_lin_accel_game_rot_vec,5,5
remove_gravity_lin_accel_game_rot_vec,1,1
remove_gravity_lin_accel_game_rot_vec,3,2
remove_gravity_lin_accel_game_rot_vec,5,5
remove_gravity_lin_accel_game_rot_vec,1,1
remove_gravity_lin_accel_game_rot_vec,3,3
remove_gravity_lin_accel_game_rot_vec,3,3
remove_gravity_lin_accel_game_rot_vec,3,1
remove_gravity_lin_accel_game_rot_vec,5,5
remove_gravity_lin_accel_game_rot_vec,5,5
remove_gravity_lin_accel_game_rot_vec,0,0
remove_gravity_lin_accel_game_rot_vec,2,2
remove_gravity_lin_accel_game_rot_vec,1,1
remove_gravity_lin_accel_game_rot_vec,0,0
remove_gravity_lin_accel_game_rot_vec,3,3
remove_gravity_lin_accel_game_rot_vec,5,5
remove_gravity_lin_accel_game_rot_vec,4,4
remove_gravity_lin_accel_game_rot_vec,5,5
remove_gravity_lin_accel_game_rot_vec,2,2
remove_gravity_lin_accel_game_rot_vec,2,2
remove_gravity_lin_accel_game_rot_vec,2,2
remove_gravity_lin_accel_game_rot_vec,3,2
remove_gravity_lin_accel_game_rot_vec,4,4
remove_gravity_lin_accel_game_rot_vec,0,0
remove_gravity_lin_accel_game_rot_vec,0,0
remove_gravity_lin_accel_game_rot_vec,0,0
remove_gravity_lin_accel_game_rot_vec,1,1
remove_gravity_lin_accel_game_rot_vec,4,5
remove_gravity_lin_accel_game_rot_vec,4,4
remove_gravity_lin_accel_game_rot_vec,3,4
remove_gravity_lin_accel_game_rot_vec,2,2
remove_gravity_lin_accel_game_rot_vec,5,5
remove_gravity_lin_accel_game_rot_vec,4,5
remove_gravity_lin_accel_game_rot_vec,2,5
remove_gravity_lin_accel_game_rot_vec,5,5
remove_gravity_lin_accel_game_rot_vec,5,5
remove_gravity_lin_accel_game_rot_vec,4,4
remove_gravity_lin_accel_game_rot_vec,1,1
remove_gravity_lin_accel_game_rot_vec,1,1
remove_gravity_lin_accel_game_rot_vec,2,3
remove_gravity_lin_accel_game_rot_vec,1,1
remove_gravity_lin_accel_game_rot_vec,1,1
remove_gravity_lin_accel_game_rot_vec,4,4
remove_gravity_lin_accel_game_rot_vec,3,3
remove_gravity_lin_accel_game_rot_vec,4,4
remove_gravity_lin_accel_magn_field,1,1
remove_gravity_lin_accel_magn_field,4,4
remove_gravity_lin_accel_magn_field,1,1
remove_gravity_lin_accel_magn_field,5,5
remove_gravity_lin_accel_magn_field,3,3
remove_gravity_lin_accel_magn_field,0,0
remove_gravity_lin_accel_magn_field,2,5
remove_gravity_lin_accel_magn_field,3,2
remove_gravity_lin_accel_magn_field,0,0
remove_gravity_lin_accel_magn_field,0,0
remove_gravity_lin_accel_magn_field,5,5
remove_gravity_lin_accel_magn_field,2,2
remove_gravity_lin_accel_magn_field,0,0
remove_gravity_lin_accel_magn_field,2,2
remove_gravity_lin_accel_magn_field,0,0
remove_gravity_lin_accel_magn_field,2,2
remove_gravity_lin_accel_magn_field,3,1
remove_gravity_lin_accel_magn_field,3,3
remove_gravity_lin_accel_magn_field,0,0
remove_gravity_lin_accel_magn_field,0,0
remove_gravity_lin_accel_magn_field,1,1
remove_gravity_lin_accel_magn_field,4,4
remove_gravity_lin_accel_magn_field,2,2
remove_gravity_lin_accel_magn_field,4,4
remove_gravity_lin_accel_magn_field,5,5
remove_gravity_lin_accel_magn_field,1,1
remove_gravity_lin_accel_magn_field,4,4
remove_gravity_lin_accel_magn_field,5,5
remove_gravity_lin_accel_magn_field,1,1
remove_gravity_lin_accel_magn_field,3,2
remove_gravity_lin_accel_magn_field,5,5
remove_gravity_lin_accel_magn_field,1,1
remove_gravity_lin_accel_magn_field,3,3
remove_gravity_lin_accel_magn_field,3,3
remove_gravity_lin_accel_magn_field,3,1
remove_gravity_lin_accel_magn_field,5,5
remove_gravity_lin_accel_magn_field,5,5
remove_gravity_lin_accel_magn_field,0,0
remove_gravity_lin_accel_magn_field,2,2
remove_gravity_lin_accel_magn_field,1,1
remove_gravity_lin_accel_magn_field,0,0
remove_gravity_lin_accel_magn_field,3,2
remove_gravity_lin_accel_magn_field,5,5
remove_gravity_lin_accel_magn_field,4,4
remove_gravity_lin_accel_magn_field,5,5
remove_gravity_lin_accel_magn_field,2,2
remove_gravity_lin_accel_magn_field,2,2
remove_gravity_lin_accel_magn_field,2,1
remove_gravity_lin_accel_magn_field,3,2
remove_gravity_lin_accel_magn_field,4,4
remove_gravity_lin_accel_magn_field,0,0
remove_gravity_lin_accel_magn_field,0,0
remove_gravity_lin_accel_magn_field,0,0
remove_gravity_lin_accel_magn_field,1,1
remove_gravity_lin_accel_magn_field,4,5
remove_gravity_lin_accel_magn_field,4,4
remove_gravity_lin_accel_magn_field,3,4
remove_gravity_lin_accel_magn_field,2,2
remove_gravity_lin_accel_magn_field,5,5
remove_gravity_lin_accel_magn_field,4,4
remove_gravity_lin_accel_magn_field,2,5
remove_gravity_lin_accel_magn_field,5,5
remove_gravity_lin_accel_magn_field,5,5
remove_gravity_lin_accel_magn_field,4,5
remove_gravity_lin_accel_magn_field,1,1
remove_gravity_lin_accel_magn_field,1,1
remove_gravity_lin_accel_magn_field,2,3
remove_gravity_lin_accel_magn_field,1,1
remove_gravity_lin_accel_magn_field,1,1
remove_gravity_lin_accel_magn_field,4,4
remove_gravity_lin_accel_magn_field,3,3
remove_gravity_lin_accel_magn_field,4,4
remove_gravity_game_rot_vec_magn_field,1,1
remove_gravity_game_rot_vec_magn_field,4,4
remove_gravity_game_rot_vec_magn_field,1,1
remove_gravity_game_rot_vec_magn_field,5,5
remove_gravity_game_rot_vec_magn_field,3,3
remove_gravity_game_rot_vec_magn_field,0,0
remove_gravity_game_rot_vec_magn_field,2,5
remove_gravity_game_rot_vec_magn_field,3,3
remove_gravity_game_rot_vec_magn_field,0,0
remove_gravity_game_rot_vec_magn_field,0,0
remove_gravity_game_rot_vec_magn_field,5,5
remove_gravity_game_rot_vec_magn_field,2,2
remove_gravity_game_rot_vec_magn_field,0,0
remove_gravity_game_rot_vec_magn_field,2,2
remove_gravity_game_rot_vec_magn_field,0,0
remove_gravity_game_rot_vec_magn_field,2,2
remove_gravity_game_rot_vec_magn_field,3,1
remove_gravity_game_rot_vec_magn_field,3,3
remove_gravity_game_rot_vec_magn_field,0,0
remove_gravity_game_rot_vec_magn_field,0,0
remove_gravity_game_rot_vec_magn_field,1,1
remove_gravity_game_rot_vec_magn_field,4,4
remove_gravity_game_rot_vec_magn_field,2,2
remove_gravity_game_rot_vec_magn_field,4,4
remove_gravity_game_rot_vec_magn_field,5,5
remove_gravity_game_rot_vec_magn_field,1,1
remove_gravity_game_rot_vec_magn_field,4,4
remove_gravity_game_rot_vec_magn_field,5,5
remove_gravity_game_rot_vec_magn_field,1,1
remove_gravity_game_rot_vec_magn_field,3,2
remove_gravity_game_rot_vec_magn_field,5,5
remove_gravity_game_rot_vec_magn_field,1,1
remove_gravity_game_rot_vec_magn_field,3,3
remove_gravity_game_rot_vec_magn_field,3,3
remove_gravity_game_rot_vec_magn_field,3,1
remove_gravity_game_rot_vec_magn_field,5,5
remove_gravity_game_rot_vec_magn_field,5,4
remove_gravity_game_rot_vec_magn_field,0,0
remove_gravity_game_rot_vec_magn_field,2,2
remove_gravity_game_rot_vec_magn_field,1,1
remove_gravity_game_rot_vec_magn_field,0,0
remove_gravity_game_rot_vec_magn_field,3,2
remove_gravity_game_rot_vec_magn_field,5,5
remove_gravity_game_rot_vec_magn_field,4,4
remove_gravity_game_rot_vec_magn_field,5,5
remove_gravity_game_rot_vec_magn_field,2,2
remove_gravity_game_rot_vec_magn_field,2,2
remove_gravity_game_rot_vec_magn_field,2,1
remove_gravity_game_rot_vec_magn_field,3,3
remove_gravity_game_rot_vec_magn_field,4,4
remove_gravity_game_rot_vec_magn_field,0,0
remove_gravity_game_rot_vec_magn_field,0,0
remove_gravity_game_rot_vec_magn_field,0,0
remove_gravity_game_rot_vec_magn_field,1,1
remove_gravity_game_rot_vec_magn_field,4,5
remove_gravity_game_rot_vec_magn_field,4,4
remove_gravity_game_rot_vec_magn_field,3,4
remove_gravity_game_rot_vec_magn_field,2,2
remove_gravity_game_rot_vec_magn_field,5,5
remove_gravity_game_rot_vec_magn_field,4,1
remove_gravity_game_rot_vec_magn_field,2,5
remove_gravity_game_rot_vec_magn_field,5,5
remove_gravity_game_rot_vec_magn_field,5,5
remove_gravity_game_rot_vec_magn_field,4,3
remove_gravity_game_rot_vec_magn_field,1,1
remove_gravity_game_rot_vec_magn_field,1,1
remove_gravity_game_rot_vec_magn_field,2,2
remove_gravity_game_rot_vec_magn_field,1,1
remove_gravity_game_rot_vec_magn_field,1,1
remove_gravity_game_rot_vec_magn_field,4,4
remove_gravity_game_rot_vec_magn_field,3,3
remove_gravity_game_rot_vec_magn_field,4,4
remove_gyros_lin_accel_game_rot_vec,1,1
remove_gyros_lin_accel_game_rot_vec,4,4
remove_gyros_lin_accel_game_rot_vec,1,1
remove_gyros_lin_accel_game_rot_vec,5,5
remove_gyros_lin_accel_game_rot_vec,3,3
remove_gyros_lin_accel_game_rot_vec,0,0
remove_gyros_lin_accel_game_rot_vec,2,5
remove_gyros_lin_accel_game_rot_vec,3,3
remove_gyros_lin_accel_game_rot_vec,0,0
remove_gyros_lin_accel_game_rot_vec,0,0
remove_gyros_lin_accel_game_rot_vec,5,5
remove_gyros_lin_accel_game_rot_vec,2,2
remove_gyros_lin_accel_game_rot_vec,0,0
remove_gyros_lin_accel_game_rot_vec,2,2
remove_gyros_lin_accel_game_rot_vec,0,0
remove_gyros_lin_accel_game_rot_vec,2,2
remove_gyros_lin_accel_game_rot_vec,3,2
remove_gyros_lin_accel_game_rot_vec,3,3
remove_gyros_lin_accel_game_rot_vec,0,0
remove_gyros_lin_accel_game_rot_vec,0,0
remove_gyros_lin_accel_game_rot_vec,1,1
remove_gyros_lin_accel_game_rot_vec,4,4
remove_gyros_lin_accel_game_rot_vec,2,2
remove_gyros_lin_accel_game_rot_vec,4,4
remove_gyros_lin_accel_game_rot_vec,5,5
remove_gyros_lin_accel_game_rot_vec,1,1
remove_gyros_lin_accel_game_rot_vec,4,4
remove_gyros_lin_accel_game_rot_vec,5,5
remove_gyros_lin_accel_game_rot_vec,1,1
remove_gyros_lin_accel_game_rot_vec,3,2
remove_gyros_lin_accel_game_rot_vec,5,5
remove_gyros_lin_accel_game_rot_vec,1,1
remove_gyros_lin_accel_game_rot_vec,3,3
remove_gyros_lin_accel_game_rot_vec,3,3
remove_gyros_lin_accel_game_rot_vec,3,1
remove_gyros_lin_accel_game_rot_vec,5,5
remove_gyros_lin_accel_game_rot_vec,5,5
remove_gyros_lin_accel_game_rot_vec,0,0
remove_gyros_lin_accel_game_rot_vec,2,2
remove_gyros_lin_accel_game_rot_vec,1,1
remove_gyros_lin_accel_game_rot_vec,0,0
remove_gyros_lin_accel_game_rot_vec,3,3
remove_gyros_lin_accel_game_rot_vec,5,5
remove_gyros_lin_accel_game_rot_vec,4,4
remove_gyros_lin_accel_game_rot_vec,5,5
remove_gyros_lin_accel_game_rot_vec,2,2
remove_gyros_lin_accel_game_rot_vec,2,2
remove_gyros_lin_accel_game_rot_vec,2,2
remove_gyros_lin_accel_game_rot_vec,3,2
remove_gyros_lin_accel_game_rot_vec,4,4
remove_gyros_lin_accel_game_rot_vec,0,0
remove_gyros_lin_accel_game_rot_vec,0,0
remove_gyros_lin_accel_game_rot_vec,0,0
remove_gyros_lin_accel_game_rot_vec,1,1
remove_gyros_lin_accel_game_rot_vec,4,5
remove_gyros_lin_accel_game_rot_vec,4,4
remove_gyros_lin_accel_game_rot_vec,3,4
remove_gyros_lin_accel_game_rot_vec,2,2
remove_gyros_lin_accel_game_rot_vec,5,5
remove_gyros_lin_accel_game_rot_vec,4,5
remove_gyros_lin_accel_game_rot_vec,2,5
remove_gyros_lin_accel_game_rot_vec,5,5
remove_gyros_lin_accel_game_rot_vec,5,5
remove_gyros_lin_accel_game_rot_vec,4,4
remove_gyros_lin_accel_game_rot_vec,1,1
remove_gyros_lin_accel_game_rot_vec,1,1
remove_gyros_lin_accel_game_rot_vec,2,2
remove_gyros_lin_accel_game_rot_vec,1,1
remove_gyros_lin_accel_game_rot_vec,1,1
remove_gyros_lin_accel_game_rot_vec,4,4
remove_gyros_lin_accel_game_rot_vec,3,3
remove_gyros_lin_accel_game_rot_vec,4,4
remove_gyros_lin_accel_magn_field,1,1
remove_gyros_lin_accel_magn_field,4,4
remove_gyros_lin_accel_magn_field,1,1
remove_gyros_lin_accel_magn_field,5,5
remove_gyros_lin_accel_magn_field,3,3
remove_gyros_lin_accel_magn_field,0,0
remove_gyros_lin_accel_magn_field,2,5
remove_gyros_lin_accel_magn_field,3,3
remove_gyros_lin_accel_magn_field,0,0
remove_gyros_lin_accel_magn_field,0,0
remove_gyros_lin_accel_magn_field,5,5
remove_gyros_lin_accel_magn_field,2,2
remove_gyros_lin_accel_magn_field,0,0
remove_gyros_lin_accel_magn_field,2,2
remove_gyros_lin_accel_magn_field,0,0
remove_gyros_lin_accel_magn_field,2,2
remove_gyros_lin_accel_magn_field,3,2
remove_gyros_lin_accel_magn_field,3,3
remove_gyros_lin_accel_magn_field,0,0
remove_gyros_lin_accel_magn_field,0,0
remove_gyros_lin_accel_magn_field,1,1
remove_gyros_lin_accel_magn_field,4,4
remove_gyros_lin_accel_magn_field,2,2
remove_gyros_lin_accel_magn_field,4,4
remove_gyros_lin_accel_magn_field,5,5
remove_gyros_lin_accel_magn_field,1,1
remove_gyros_lin_accel_magn_field,4,4
remove_gyros_lin_accel_magn_field,5,5
remove_gyros_lin_accel_magn_field,1,1
remove_gyros_lin_accel_magn_field,3,2
remove_gyros_lin_accel_magn_field,5,5
remove_gyros_lin_accel_magn_field,1,1
remove_gyros_lin_accel_magn_field,3,3
remove_gyros_lin_accel_magn_field,3,2
remove_gyros_lin_accel_magn_field,3,1
remove_gyros_lin_accel_magn_field,5,5
remove_gyros_lin_accel_magn_field,5,5
remove_gyros_lin_accel_magn_field,0,0
remove_gyros_lin_accel_magn_field,2,2
remove_gyros_lin_accel_magn_field,1,1
remove_gyros_lin_accel_magn_field,0,0
remove_gyros_lin_accel_magn_field,3,3
remove_gyros_lin_accel_magn_field,5,5
remove_gyros_lin_accel_magn_field,4,4
remove_gyros_lin_accel_magn_field,5,5
remove_gyros_lin_accel_magn_field,2,2
remove_gyros_lin_accel_magn_field,2,2
remove_gyros_lin_accel_magn_field,2,2
remove_gyros_lin_accel_magn_field,3,2
remove_gyros_lin_accel_magn_field,4,4
remove_gyros_lin_accel_magn_field,0,0
remove_gyros_lin_accel_magn_field,0,0
remove_gyros_lin_accel_magn_field,0,0
remove_gyros_lin_accel_magn_field,1,1
remove_gyros_lin_accel_magn_field,4,5
remove_gyros_lin_accel_magn_field,4,4
remove_gyros_lin_accel_magn_field,3,4
remove_gyros_lin_accel_magn_field,2,2
remove_gyros_lin_accel_magn_field,5,5
remove_gyros_lin_accel_magn_field,4,1
remove_gyros_lin_accel_magn_field,2,5
remove_gyros_lin_accel_magn_field,5,5
remove_gyros_lin_accel_magn_field,5,5
remove_gyros_lin_accel_magn_field,4,4
remove_gyros_lin_accel_magn_field,1,1
remove_gyros_lin_accel_magn_field,1,1
remove_gyros_lin_accel_magn_field,2,3
remove_gyros_lin_accel_magn_field,1,1
remove_gyros_lin_accel_magn_field,1,1
remove_gyros_lin_accel_magn_field,4,4
remove_gyros_lin_accel_magn_field,3,3
remove_gyros_lin_accel_magn_field,4,4
remove_gyros_game_rot_vec_magn_field,1,1
remove_gyros_game_rot_vec_magn_field,4,4
remove_gyros_game_rot_vec_magn_field,1,1
remove_gyros_game_rot_vec_magn_field,5,5
remove_gyros_game_rot_vec_magn_field,3,3
remove_gyros_game_rot_vec_magn_field,0,0
remove_gyros_game_rot_vec_magn_field,2,5
remove_gyros_game_rot_vec_magn_field,3,3
remove_gyros_game_rot_vec_magn_field,0,0
remove_gyros_game_rot_vec_magn_field,0,0
remove_gyros_game_rot_vec_magn_field,5,5
remove_gyros_game_rot_vec_magn_field,2,2
remove_gyros_game_rot_vec_magn_field,0,0
remove_gyros_game_rot_vec_magn_field,2,2
remove_gyros_game_rot_vec_magn_field,0,0
remove_gyros_game_rot_vec_magn_field,2,2
remove_gyros_game_rot_vec_magn_field,3,2
remove_gyros_game_rot_vec_magn_field,3,3
remove_gyros_game_rot_vec_magn_field,0,0
remove_gyros_game_rot_vec_magn_field,0,0
remove_gyros_game_rot_vec_magn_field,1,1
remove_gyros_game_rot_vec_magn_field,4,4
remove_gyros_game_rot_vec_magn_field,2,2
remove_gyros_game_rot_vec_magn_field,4,4
remove_gyros_game_rot_vec_magn_field,5,5
remove_gyros_game_rot_vec_magn_field,1,1
remove_gyros_game_rot_vec_magn_field,4,4
remove_gyros_game_rot_vec_magn_field,5,5
remove_gyros_game_rot_vec_magn_field,1,1
remove_gyros_game_rot_vec_magn_field,3,2
remove_gyros_game_rot_vec_magn_field,5,5
remove_gyros_game_rot_vec_magn_field,1,1
remove_gyros_game_rot_vec_magn_field,3,3
remove_gyros_game_rot_vec_magn_field,3,3
remove_gyros_game_rot_vec_magn_field,3,3
remove_gyros_game_rot_vec_magn_field,5,5
remove_gyros_game_rot_vec_magn_field,5,5
remove_gyros_game_rot_vec_magn_field,0,0
remove_gyros_game_rot_vec_magn_field,2,2
remove_gyros_game_rot_vec_magn_field,1,1
remove_gyros_game_rot_vec_magn_field,0,0
remove_gyros_game_rot_vec_magn_field,3,3
remove_gyros_game_rot_vec_magn_field,5,5
remove_gyros_game_rot_vec_magn_field,4,4
remove_gyros_game_rot_vec_magn_field,5,5
remove_gyros_game_rot_vec_magn_field,2,2
remove_gyros_game_rot_vec_magn_field,2,3
remove_gyros_game_rot_vec_magn_field,2,2
remove_gyros_game_rot_vec_magn_field,3,3
remove_gyros_game_rot_vec_magn_field,4,4
remove_gyros_game_rot_vec_magn_field,0,0
remove_gyros_game_rot_vec_magn_field,0,0
remove_gyros_game_rot_vec_magn_field,0,0
remove_gyros_game_rot_vec_magn_field,1,1
remove_gyros_game_rot_vec_magn_field,4,5
remove_gyros_game_rot_vec_magn_field,4,4
remove_gyros_game_rot_vec_magn_field,3,4
remove_gyros_game_rot_vec_magn_field,2,2
remove_gyros_game_rot_vec_magn_field,5,5
remove_gyros_game_rot_vec_magn_field,4,1
remove_gyros_game_rot_vec_magn_field,2,5
remove_gyros_game_rot_vec_magn_field,5,5
remove_gyros_game_rot_vec_magn_field,5,5
remove_gyros_game_rot_vec_magn_field,4,4
remove_gyros_game_rot_vec_magn_field,1,1
remove_gyros_game_rot_vec_magn_field,1,1
remove_gyros_game_rot_vec_magn_field,2,2
remove_gyros_game_rot_vec_magn_field,1,1
remove_gyros_game_rot_vec_magn_field,1,1
remove_gyros_game_rot_vec_magn_field,4,4
remove_gyros_game_rot_vec_magn_field,3,3
remove_gyros_game_rot_vec_magn_field,4,4
remove_lin_accel_game_rot_vec_magn_field,1,1
remove_lin_accel_game_rot_vec_magn_field,4,4
remove_lin_accel_game_rot_vec_magn_field,1,1
remove_lin_accel_game_rot_vec_magn_field,5,5
remove_lin_accel_game_rot_vec_magn_field,3,3
remove_lin_accel_game_rot_vec_magn_field,0,0
remove_lin_accel_game_rot_vec_magn_field,2,5
remove_lin_accel_game_rot_vec_magn_field,3,3
remove_lin_accel_game_rot_vec_magn_field,0,0
remove_lin_accel_game_rot_vec_magn_field,0,0
remove_lin_accel_game_rot_vec_magn_field,5,5
remove_lin_accel_game_rot_vec_magn_field,2,2
remove_lin_accel_game_rot_vec_magn_field,0,0
remove_lin_accel_game_rot_vec_magn_field,2,2
remove_lin_accel_game_rot_vec_magn_field,0,0
remove_lin_accel_game_rot_vec_magn_field,2,2
remove_lin_accel_game_rot_vec_magn_field,3,2
remove_lin_accel_game_rot_vec_magn_field,3,3
remove_lin_accel_game_rot_vec_magn_field,0,0
remove_lin_accel_game_rot_vec_magn_field,0,0
remove_lin_accel_game_rot_vec_magn_field,1,1
remove_lin_accel_game_rot_vec_magn_field,4,4
remove_lin_accel_game_rot_vec_magn_field,2,2
remove_lin_accel_game_rot_vec_magn_field,4,4
remove_lin_accel_game_rot_vec_magn_field,5,5
remove_lin_accel_game_rot_vec_magn_field,1,1
remove_lin_accel_game_rot_vec_magn_field,4,4
remove_lin_accel_game_rot_vec_magn_field,5,5
remove_lin_accel_game_rot_vec_magn_field,1,1
remove_lin_accel_game_rot_vec_magn_field,3,2
remove_lin_accel_game_rot_vec_magn_field,5,5
remove_lin_accel_game_rot_vec_magn_field,1,1
remove_lin_accel_game_rot_vec_magn_field,3,3
remove_lin_accel_game_rot_vec_magn_field,3,3
remove_lin_accel_game_rot_vec_magn_field,3,1
remove_lin_accel_game_rot_vec_magn_field,5,5
remove_lin_accel_game_rot_vec_magn_field,5,5
remove_lin_accel_game_rot_vec_magn_field,0,0
remove_lin_accel_game_rot_vec_magn_field,2,2
remove_lin_accel_game_rot_vec_magn_field,1,1
remove_lin_accel_game_rot_vec_magn_field,0,0
remove_lin_accel_game_rot_vec_magn_field,3,3
remove_lin_accel_game_rot_vec_magn_field,5,5
remove_lin_accel_game_rot_vec_magn_field,4,4
remove_lin_accel_game_rot_vec_magn_field,5,5
remove_lin_accel_game_rot_vec_magn_field,2,2
remove_lin_accel_game_rot_vec_magn_field,2,2
remove_lin_accel_game_rot_vec_magn_field,2,2
remove_lin_accel_game_rot_vec_magn_field,3,3
remove_lin_accel_game_rot_vec_magn_field,4,4
remove_lin_accel_game_rot_vec_magn_field,0,0
remove_lin_accel_game_rot_vec_magn_field,0,0
remove_lin_accel_game_rot_vec_magn_field,0,0
remove_lin_accel_game_rot_vec_magn_field,1,1
remove_lin_accel_game_rot_vec_magn_field,4,5
remove_lin_accel_game_rot_vec_magn_field,4,4
remove_lin_accel_game_rot_vec_magn_field,3,4
remove_lin_accel_game_rot_vec_magn_field,2,2
remove_lin_accel_game_rot_vec_magn_field,5,5
remove_lin_accel_game_rot_vec_magn_field,4,1
remove_lin_accel_game_rot_vec_magn_field,2,5
remove_lin_accel_game_rot_vec_magn_field,5,5
remove_lin_accel_game_rot_vec_magn_field,5,5
remove_lin_accel_game_rot_vec_magn_field,4,4
remove_lin_accel_game_rot_vec_magn_field,1,1
remove_lin_accel_game_rot_vec_magn_field,1,1
remove_lin_accel_game_rot_vec_magn_field,2,2
remove_lin_accel_game_rot_vec_magn_field,1,1
remove_lin_accel_game_rot_vec_magn_field,1,1
remove_lin_accel_game_rot_vec_magn_field,4,4
remove_lin_accel_game_rot_vec_magn_field,3,3
remove_lin_accel_game_rot_vec_magn_field,4,4
remove_accelerometer_gravity_gyros_lin_accel,1,1
remove_accelerometer_gravity_gyros_lin_accel,4,4
remove_accelerometer_gravity_gyros_lin_accel,1,1
remove_accelerometer_gravity_gyros_lin_accel,5,5
remove_accelerometer_gravity_gyros_lin_accel,3,3
remove_accelerometer_gravity_gyros_lin_accel,0,0
remove_accelerometer_gravity_gyros_lin_accel,2,5
remove_accelerometer_gravity_gyros_lin_accel,3,3
remove_accelerometer_gravity_gyros_lin_accel,0,0
remove_accelerometer_gravity_gyros_lin_accel,0,0
remove_accelerometer_gravity_gyros_lin_accel,5,5
remove_accelerometer_gravity_gyros_lin_accel,2,3
remove_accelerometer_gravity_gyros_lin_accel,0,0
remove_accelerometer_gravity_gyros_lin_accel,2,2
remove_accelerometer_gravity_gyros_lin_accel,0,0
remove_accelerometer_gravity_gyros_lin_accel,2,2
remove_accelerometer_gravity_gyros_lin_accel,3,4
remove_accelerometer_gravity_gyros_lin_accel,3,4
remove_accelerometer_gravity_gyros_lin_accel,0,0
remove_accelerometer_gravity_gyros_lin_accel,0,0
remove_accelerometer_gravity_gyros_lin_accel,1,1
remove_accelerometer_gravity_gyros_lin_accel,4,4
remove_accelerometer_gravity_gyros_lin_accel,2,1
remove_accelerometer_gravity_gyros_lin_accel,4,4
remove_accelerometer_gravity_gyros_lin_accel,5,5
remove_accelerometer_gravity_gyros_lin_accel,1,4
remove_accelerometer_gravity_gyros_lin_accel,4,4
remove_accelerometer_gravity_gyros_lin_accel,5,5
remove_accelerometer_gravity_gyros_lin_accel,1,1
remove_accelerometer_gravity_gyros_lin_accel,3,2
remove_accelerometer_gravity_gyros_lin_accel,5,5
remove_accelerometer_gravity_gyros_lin_accel,1,1
remove_accelerometer_gravity_gyros_lin_accel,3,3
remove_accelerometer_gravity_gyros_lin_accel,3,2
remove_accelerometer_gravity_gyros_lin_accel,3,3
remove_accelerometer_gravity_gyros_lin_accel,5,5
remove_accelerometer_gravity_gyros_lin_accel,5,5
remove_accelerometer_gravity_gyros_lin_accel,0,0
remove_accelerometer_gravity_gyros_lin_accel,2,3
remove_accelerometer_gravity_gyros_lin_accel,1,1
remove_accelerometer_gravity_gyros_lin_accel,0,0
remove_accelerometer_gravity_gyros_lin_accel,3,2
remove_accelerometer_gravity_gyros_lin_accel,5,5
remove_accelerometer_gravity_gyros_lin_accel,4,4
remove_accelerometer_gravity_gyros_lin_accel,5,5
remove_accelerometer_gravity_gyros_lin_accel,2,5
remove_accelerometer_gravity_gyros_lin_accel,2,2
remove_accelerometer_gravity_gyros_lin_accel,2,3
remove_accelerometer_gravity_gyros_lin_accel,3,2
remove_accelerometer_gravity_gyros_lin_accel,4,4
remove_accelerometer_gravity_gyros_lin_accel,0,0
remove_accelerometer_gravity_gyros_lin_accel,0,0
remove_accelerometer_gravity_gyros_lin_accel,0,0
remove_accelerometer_gravity_gyros_lin_accel,1,1
remove_accelerometer_gravity_gyros_lin_accel,4,5
remove_accelerometer_gravity_gyros_lin_accel,4,4
remove_accelerometer_gravity_gyros_lin_accel,3,4
remove_accelerometer_gravity_gyros_lin_accel,2,2
remove_accelerometer_gravity_gyros_lin_accel,5,5
remove_accelerometer_gravity_gyros_lin_accel,4,5
remove_accelerometer_gravity_gyros_lin_accel,2,5
remove_accelerometer_gravity_gyros_lin_accel,5,5
remove_accelerometer_gravity_gyros_lin_accel,5,5
remove_accelerometer_gravity_gyros_lin_accel,4,4
remove_accelerometer_gravity_gyros_lin_accel,1,1
remove_accelerometer_gravity_gyros_lin_accel,1,1
remove_accelerometer_gravity_gyros_lin_accel,2,3
remove_accelerometer_gravity_gyros_lin_accel,1,1
remove_accelerometer_gravity_gyros_lin_accel,1,1
remove_accelerometer_gravity_gyros_lin_accel,4,4
remove_accelerometer_gravity_gyros_lin_accel,3,3
remove_accelerometer_gravity_gyros_lin_accel,4,4
remove_accelerometer_gravity_gyros_game_rot_vec,1,1
remove_accelerometer_gravity_gyros_game_rot_vec,4,4
remove_accelerometer_gravity_gyros_game_rot_vec,1,1
remove_accelerometer_gravity_gyros_game_rot_vec,5,5
remove_accelerometer_gravity_gyros_game_rot_vec,3,3
remove_accelerometer_gravity_gyros_game_rot_vec,0,0
remove_accelerometer_gravity_gyros_game_rot_vec,2,5
remove_accelerometer_gravity_gyros_game_rot_vec,3,3
remove_accelerometer_gravity_gyros_game_rot_vec,0,0
remove_accelerometer_gravity_gyros_game_rot_vec,0,0
remove_accelerometer_gravity_gyros_game_rot_vec,5,5
remove_accelerometer_gravity_gyros_game_rot_vec,2,2
remove_accelerometer_gravity_gyros_game_rot_vec,0,0
remove_accelerometer_gravity_gyros_game_rot_vec,2,2
remove_accelerometer_gravity_gyros_game_rot_vec,0,0
remove_accelerometer_gravity_gyros_game_rot_vec,2,2
remove_accelerometer_gravity_gyros_game_rot_vec,3,4
remove_accelerometer_gravity_gyros_game_rot_vec,3,4
remove_accelerometer_gravity_gyros_game_rot_vec,0,0
remove_accelerometer_gravity_gyros_game_rot_vec,0,0
remove_accelerometer_gravity_gyros_game_rot_vec,1,1
remove_accelerometer_gravity_gyros_game_rot_vec,4,4
remove_accelerometer_gravity_gyros_game_rot_vec,2,1
remove_accelerometer_gravity_gyros_game_rot_vec,4,4
remove_accelerometer_gravity_gyros_game_rot_vec,5,5
remove_accelerometer_gravity_gyros_game_rot_vec,1,4
remove_accelerometer_gravity_gyros_game_rot_vec,4,4
remove_accelerometer_gravity_gyros_game_rot_vec,5,5
remove_accelerometer_gravity_gyros_game_rot_vec,1,1
remove_accelerometer_gravity_gyros_game_rot_vec,3,2
remove_accelerometer_gravity_gyros_game_rot_vec,5,5
remove_accelerometer_gravity_gyros_game_rot_vec,1,1
remove_accelerometer_gravity_gyros_game_rot_vec,3,3
remove_accelerometer_gravity_gyros_game_rot_vec,3,2
remove_accelerometer_gravity_gyros_game_rot_vec,3,3
remove_accelerometer_gravity_gyros_game_rot_vec,5,5
remove_accelerometer_gravity_gyros_game_rot_vec,5,5
remove_accelerometer_gravity_gyros_game_rot_vec,0,0
remove_accelerometer_gravity_gyros_game_rot_vec,2,2
remove_accelerometer_gravity_gyros_game_rot_vec,1,1
remove_accelerometer_gravity_gyros_game_rot_vec,0,0
remove_accelerometer_gravity_gyros_game_rot_vec,3,3
remove_accelerometer_gravity_gyros_game_rot_vec,5,5
remove_accelerometer_gravity_gyros_game_rot_vec,4,4
remove_accelerometer_gravity_gyros_game_rot_vec,5,5
remove_accelerometer_gravity_gyros_game_rot_vec,2,2
remove_accelerometer_gravity_gyros_game_rot_vec,2,3
remove_accelerometer_gravity_gyros_game_rot_vec,2,2
remove_accelerometer_gravity_gyros_game_rot_vec,3,2
remove_accelerometer_gravity_gyros_game_rot_vec,4,4
remove_accelerometer_gravity_gyros_game_rot_vec,0,0
remove_accelerometer_gravity_gyros_game_rot_vec,0,0
remove_accelerometer_gravity_gyros_game_rot_vec,0,0
remove_accelerometer_gravity_gyros_game_rot_vec,1,1
remove_accelerometer_gravity_gyros_game_rot_vec,4,5
remove_accelerometer_gravity_gyros_game_rot_vec,4,4
remove_accelerometer_gravity_gyros_game_rot_vec,3,4
remove_accelerometer_gravity_gyros_game_rot_vec,2,2
remove_accelerometer_gravity_gyros_game_rot_vec,5,5
remove_accelerometer_gravity_gyros_game_rot_vec,4,5
remove_accelerometer_gravity_gyros_game_rot_vec,2,5
remove_accelerometer_gravity_gyros_game_rot_vec,5,5
remove_accelerometer_gravity_gyros_game_rot_vec,5,5
remove_accelerometer_gravity_gyros_game_rot_vec,4,4
remove_accelerometer_gravity_gyros_game_rot_vec,1,1
remove_accelerometer_gravity_gyros_game_rot_vec,1,1
remove_accelerometer_gravity_gyros_game_rot_vec,2,3
remove_accelerometer_gravity_gyros_game_rot_vec,1,1
remove_accelerometer_gravity_gyros_game_rot_vec,1,1
remove_accelerometer_gravity_gyros_game_rot_vec,4,4
remove_accelerometer_gravity_gyros_game_rot_vec,3,3
remove_accelerometer_gravity_gyros_game_rot_vec,4,4
remove_accelerometer_gravity_gyros_magn_field,1,1
remove_accelerometer_gravity_gyros_magn_field,4,4
remove_accelerometer_gravity_gyros_magn_field,1,1
remove_accelerometer_gravity_gyros_magn_field,5,5
remove_accelerometer_gravity_gyros_magn_field,3,3
remove_accelerometer_gravity_gyros_magn_field,0,0
remove_accelerometer_gravity_gyros_magn_field,2,5
remove_accelerometer_gravity_gyros_magn_field,3,3
remove_accelerometer_gravity_gyros_magn_field,0,0
remove_accelerometer_gravity_gyros_magn_field,0,0
remove_accelerometer_gravity_gyros_magn_field,5,2
remove_accelerometer_gravity_gyros_magn_field,2,3
remove_accelerometer_gravity_gyros_magn_field,0,0
remove_accelerometer_gravity_gyros_magn_field,2,2
remove_accelerometer_gravity_gyros_magn_field,0,5
remove_accelerometer_gravity_gyros_magn_field,2,2
remove_accelerometer_gravity_gyros_magn_field,3,3
remove_accelerometer_gravity_gyros_magn_field,3,3
remove_accelerometer_gravity_gyros_magn_field,0,0
remove_accelerometer_gravity_gyros_magn_field,0,0
remove_accelerometer_gravity_gyros_magn_field,1,1
remove_accelerometer_gravity_gyros_magn_field,4,5
remove_accelerometer_gravity_gyros_magn_field,2,2
remove_accelerometer_gravity_gyros_magn_field,4,4
remove_accelerometer_gravity_gyros_magn_field,5,5
remove_accelerometer_gravity_gyros_magn_field,1,1
remove_accelerometer_gravity_gyros_magn_field,4,4
remove_accelerometer_gravity_gyros_magn_field,5,5
remove_accelerometer_gravity_gyros_magn_field,1,1
remove_accelerometer_gravity_gyros_magn_field,3,2
remove_accelerometer_gravity_gyros_magn_field,5,4
remove_accelerometer_gravity_gyros_magn_field,1,1
remove_accelerometer_gravity_gyros_magn_field,3,3
remove_accelerometer_gravity_gyros_magn_field,3,2
remove_accelerometer_gravity_gyros_magn_field,3,3
remove_accelerometer_gravity_gyros_magn_field,5,5
remove_accelerometer_gravity_gyros_magn_field,5,5
remove_accelerometer_gravity_gyros_magn_field,0,0
remove_accelerometer_gravity_gyros_magn_field,2,3
remove_accelerometer_gravity_gyros_magn_field,1,1
remove_accelerometer_gravity_gyros_magn_field,0,0
remove_accelerometer_gravity_gyros_magn_field,3,3
remove_accelerometer_gravity_gyros_magn_field,5,5
remove_accelerometer_gravity_gyros_magn_field,4,4
remove_accelerometer_gravity_gyros_magn_field,5,5
remove_accelerometer_gravity_gyros_magn_field,2,1
remove_accelerometer_gravity_gyros_magn_field,2,4
remove_accelerometer_gravity_gyros_magn_field,2,2
remove_accelerometer_gravity_gyros_magn_field,3,2
remove_accelerometer_gravity_gyros_magn_field,4,4
remove_accelerometer_gravity_gyros_magn_field,0,0
remove_accelerometer_gravity_gyros_magn_field,0,0
remove_accelerometer_gravity_gyros_magn_field,0,0
remove_accelerometer_gravity_gyros_magn_field,1,1
remove_accelerometer_gravity_gyros_magn_field,4,5
remove_accelerometer_gravity_gyros_magn_field,4,4
remove_accelerometer_gravity_gyros_magn_field,3,5
remove_accelerometer_gravity_gyros_magn_field,2,2
remove_accelerometer_gravity_gyros_magn_field,5,5
remove_accelerometer_gravity_gyros_magn_field,4,1
remove_accelerometer_gravity_gyros_magn_field,2,5
remove_accelerometer_gravity_gyros_magn_field,5,5
remove_accelerometer_gravity_gyros_magn_field,5,5
remove_accelerometer_gravity_gyros_magn_field,4,4
remove_accelerometer_gravity_gyros_magn_field,1,1
remove_accelerometer_gravity_gyros_magn_field,1,1
remove_accelerometer_gravity_gyros_magn_field,2,3
remove_accelerometer_gravity_gyros_magn_field,1,1
remove_accelerometer_gravity_gyros_magn_field,1,1
remove_accelerometer_gravity_gyros_magn_field,4,4
remove_accelerometer_gravity_gyros_magn_field,3,3
remove_accelerometer_gravity_gyros_magn_field,4,4
remove_accelerometer_gravity_lin_accel_game_rot_vec,1,1
remove_accelerometer_gravity_lin_accel_game_rot_vec,4,4
remove_accelerometer_gravity_lin_accel_game_rot_vec,1,1
remove_accelerometer_gravity_lin_accel_game_rot_vec,5,5
remove_accelerometer_gravity_lin_accel_game_rot_vec,3,2
remove_accelerometer_gravity_lin_accel_game_rot_vec,0,0
remove_accelerometer_gravity_lin_accel_game_rot_vec,2,5
remove_accelerometer_gravity_lin_accel_game_rot_vec,3,2
remove_accelerometer_gravity_lin_accel_game_rot_vec,0,0
remove_accelerometer_gravity_lin_accel_game_rot_vec,0,0
remove_accelerometer_gravity_lin_accel_game_rot_vec,5,5
remove_accelerometer_gravity_lin_accel_game_rot_vec,2,3
remove_accelerometer_gravity_lin_accel_game_rot_vec,0,0
remove_accelerometer_gravity_lin_accel_game_rot_vec,2,2
remove_accelerometer_gravity_lin_accel_game_rot_vec,0,0
remove_accelerometer_gravity_lin_accel_game_rot_vec,2,2
remove_accelerometer_gravity_lin_accel_game_rot_vec,3,4
remove_accelerometer_gravity_lin_accel_game_rot_vec,3,4
remove_accelerometer_gravity_lin_accel_game_rot_vec,0,0
remove_accelerometer_gravity_lin_accel_game_rot_vec,0,0
remove_accelerometer_gravity_lin_accel_game_rot_vec,1,1
remove_accelerometer_gravity_lin_accel_game_rot_vec,4,4
remove_accelerometer_gravity_lin_accel_game_rot_vec,2,1
remove_accelerometer_gravity_lin_accel_game_rot_vec,4,4
remove_accelerometer_gravity_lin_accel_game_rot_vec,5,5
remove_accelerometer_gravity_lin_accel_game_rot_vec,1,4
remove_accelerometer_gravity_lin_accel_game_rot_vec,4,4
remove_accelerometer_gravity_lin_accel_game_rot_vec,5,5
remove_accelerometer_gravity_lin_accel_game_rot_vec,1,1
remove_accelerometer_gravity_lin_accel_game_rot_vec,3,2
remove_accelerometer_gravity_lin_accel_game_rot_vec,5,5
remove_accelerometer_gravity_lin_accel_game_rot_vec,1,1
remove_accelerometer_gravity_lin_accel_game_rot_vec,3,3
remove_accelerometer_gravity_lin_accel_game_rot_vec,3,3
remove_accelerometer_gravity_lin_accel_game_rot_vec,3,3
remove_accelerometer_gravity_lin_accel_game_rot_vec,5,5
remove_accelerometer_gravity_lin_accel_game_rot_vec,5,5
remove_accelerometer_gravity_lin_accel_game_rot_vec,0,0
remove_accelerometer_gravity_lin_accel_game_rot_vec,2,2
remove_accelerometer_gravity_lin_accel_game_rot_vec,1,1
remove_accelerometer_gravity_lin_accel_game_rot_vec,0,0
remove_accelerometer_gravity_lin_accel_game_rot_vec,3,3
remove_accelerometer_gravity_lin_accel_game_rot_vec,5,5
remove_accelerometer_gravity_lin_accel_game_rot_vec,4,4
remove_accelerometer_gravity_lin_accel_game_rot_vec,5,5
remove_accelerometer_gravity_lin_accel_game_rot_vec,2,2
remove_accelerometer_gravity_lin_accel_game_rot_vec,2,2
remove_accelerometer_gravity_lin_accel_game_rot_vec,2,2
remove_accelerometer_gravity_lin_accel_game_rot_vec,3,2
remove_accelerometer_gravity_lin_accel_game_rot_vec,4,4
remove_accelerometer_gravity_lin_accel_game_rot_vec,0,0
remove_accelerometer_gravity_lin_accel_game_rot_vec,0,0
remove_accelerometer_gravity_lin_accel_game_rot_vec,0,0
remove_accelerometer_gravity_lin_accel_game_rot_vec,1,1
remove_accelerometer_gravity_lin_accel_game_rot_vec,4,5
remove_accelerometer_gravity_lin_accel_game_rot_vec,4,4
remove_accelerometer_gravity_lin_accel_game_rot_vec,3,4
remove_accelerometer_gravity_lin_accel_game_rot_vec,2,2
remove_accelerometer_gravity_lin_accel_game_rot_vec,5,5
remove_accelerometer_gravity_lin_accel_game_rot_vec,4,5
remove_accelerometer_gravity_lin_accel_game_rot_vec,2,5
remove_accelerometer_gravity_lin_accel_game_rot_vec,5,5
remove_accelerometer_gravity_lin_accel_game_rot_vec,5,5
remove_accelerometer_gravity_lin_accel_game_rot_vec,4,4
remove_accelerometer_gravity_lin_accel_game_rot_vec,1,1
remove_accelerometer_gravity_lin_accel_game_rot_vec,1,1
remove_accelerometer_gravity_lin_accel_game_rot_vec,2,3
remove_accelerometer_gravity_lin_accel_game_rot_vec,1,1
remove_accelerometer_gravity_lin_accel_game_rot_vec,1,1
remove_accelerometer_gravity_lin_accel_game_rot_vec,4,4
remove_accelerometer_gravity_lin_accel_game_rot_vec,3,2
remove_accelerometer_gravity_lin_accel_game_rot_vec,4,4
remove_accelerometer_gravity_lin_accel_magn_field,1,1
remove_accelerometer_gravity_lin_accel_magn_field,4,4
remove_accelerometer_gravity_lin_accel_magn_field,1,1
remove_accelerometer_gravity_lin_accel_magn_field,5,5
remove_accelerometer_gravity_lin_accel_magn_field,3,3
remove_accelerometer_gravity_lin_accel_magn_field,0,0
remove_accelerometer_gravity_lin_accel_magn_field,2,5
remove_accelerometer_gravity_lin_accel_magn_field,3,3
remove_accelerometer_gravity_lin_accel_magn_field,0,0
remove_accelerometer_gravity_lin_accel_magn_field,0,0
remove_accelerometer_gravity_lin_accel_magn_field,5,4
remove_accelerometer_gravity_lin_accel_magn_field,2,2
remove_accelerometer_gravity_lin_accel_magn_field,0,0
remove_accelerometer_gravity_lin_accel_magn_field,2,2
remove_accelerometer_gravity_lin_accel_magn_field,0,0
remove_accelerometer_gravity_lin_accel_magn_field,2,2
remove_accelerometer_gravity_lin_accel_magn_field,3,4
remove_accelerometer_gravity_lin_accel_magn_field,3,3
remove_accelerometer_gravity_lin_accel_magn_field,0,0
remove_accelerometer_gravity_lin_accel_magn_field,0,0
remove_accelerometer_gravity_lin_accel_magn_field,1,1
remove_accelerometer_gravity_lin_accel_magn_field,4,4
remove_accelerometer_gravity_lin_accel_magn_field,2,2
remove_accelerometer_gravity_lin_accel_magn_field,4,4
remove_accelerometer_gravity_lin_accel_magn_field,5,5
remove_accelerometer_gravity_lin_accel_magn_field,1,1
remove_accelerometer_gravity_lin_accel_magn_field,4,2
remove_accelerometer_gravity_lin_accel_magn_field,5,5
remove_accelerometer_gravity_lin_accel_magn_field,1,1
remove_accelerometer_gravity_lin_accel_magn_field,3,2
remove_accelerometer_gravity_lin_accel_magn_field,5,4
remove_accelerometer_gravity_lin_accel_magn_field,1,5
remove_accelerometer_gravity_lin_accel_magn_field,3,3
remove_accelerometer_gravity_lin_accel_magn_field,3,4
remove_accelerometer_gravity_lin_accel_magn_field,3,3
remove_accelerometer_gravity_lin_accel_magn_field,5,5
remove_accelerometer_gravity_lin_accel_magn_field,5,5
remove_accelerometer_gravity_lin_accel_magn_field,0,0
remove_accelerometer_gravity_lin_accel_magn_field,2,3
remove_accelerometer_gravity_lin_accel_magn_field,1,1
remove_accelerometer_gravity_lin_accel_magn_field,0,0
remove_accelerometer_gravity_lin_accel_magn_field,3,2
remove_accelerometer_gravity_lin_accel_magn_field,5,5
remove_accelerometer_gravity_lin_accel_magn_field,4,4
remove_accelerometer_gravity_lin_accel_magn_field,5,5
remove_accelerometer_gravity_lin_accel_magn_field,2,1
remove_accelerometer_gravity_lin_accel_magn_field,2,2
remove_accelerometer_gravity_lin_accel_magn_field,2,3
remove_accelerometer_gravity_lin_accel_magn_field,3,2
remove_accelerometer_gravity_lin_accel_magn_field,4,1
remove_accelerometer_gravity_lin_accel_magn_field,0,0
remove_accelerometer_gravity_lin_accel_magn_field,0,0
remove_accelerometer_gravity_lin_accel_magn_field,0,0
remove_accelerometer_gravity_lin_accel_magn_field,1,1
remove_accelerometer_gravity_lin_accel_magn_field,4,2
remove_accelerometer_gravity_lin_accel_magn_field,4,4
remove_accelerometer_gravity_lin_accel_magn_field,3,1
remove_accelerometer_gravity_lin_accel_magn_field,2,2
remove_accelerometer_gravity_lin_accel_magn_field,5,5
remove_accelerometer_gravity_lin_accel_magn_field,4,1
remove_accelerometer_gravity_lin_accel_magn_field,2,5
remove_accelerometer_gravity_lin_accel_magn_field,5,5
remove_accelerometer_gravity_lin_accel_magn_field,5,5
remove_accelerometer_gravity_lin_accel_magn_field,4,4
remove_accelerometer_gravity_lin_accel_magn_field,1,1
remove_accelerometer_gravity_lin_accel_magn_field,1,1
remove_accelerometer_gravity_lin_accel_magn_field,2,3
remove_accelerometer_gravity_lin_accel_magn_field,1,1
remove_accelerometer_gravity_lin_accel_magn_field,1,1
remove_accelerometer_gravity_lin_accel_magn_field,4,4
remove_accelerometer_gravity_lin_accel_magn_field,3,3
remove_accelerometer_gravity_lin_accel_magn_field,4,4
remove_accelerometer_gravity_game_rot_vec_magn_field,1,1
remove_accelerometer_gravity_game_rot_vec_magn_field,4,4
remove_accelerometer_gravity_game_rot_vec_magn_field,1,1
remove_accelerometer_gravity_game_rot_vec_magn_field,5,5
remove_accelerometer_gravity_game_rot_vec_magn_field,3,3
remove_accelerometer_gravity_game_rot_vec_magn_field,0,0
remove_accelerometer_gravity_game_rot_vec_magn_field,2,5
remove_accelerometer_gravity_game_rot_vec_magn_field,3,1
remove_accelerometer_gravity_game_rot_vec_magn_field,0,0
remove_accelerometer_gravity_game_rot_vec_magn_field,0,0
remove_accelerometer_gravity_game_rot_vec_magn_field,5,5
remove_accelerometer_gravity_game_rot_vec_magn_field,2,2
remove_accelerometer_gravity_game_rot_vec_magn_field,0,0
remove_accelerometer_gravity_game_rot_vec_magn_field,2,2
remove_accelerometer_gravity_game_rot_vec_magn_field,0,0
remove_accelerometer_gravity_game_rot_vec_magn_field,2,2
remove_accelerometer_gravity_game_rot_vec_magn_field,3,5
remove_accelerometer_gravity_game_rot_vec_magn_field,3,3
remove_accelerometer_gravity_game_rot_vec_magn_field,0,0
remove_accelerometer_gravity_game_rot_vec_magn_field,0,0
remove_accelerometer_gravity_game_rot_vec_magn_field,1,1
remove_accelerometer_gravity_game_rot_vec_magn_field,4,5
remove_accelerometer_gravity_game_rot_vec_magn_field,2,2
remove_accelerometer_gravity_game_rot_vec_magn_field,4,5
remove_accelerometer_gravity_game_rot_vec_magn_field,5,5
remove_accelerometer_gravity_game_rot_vec_magn_field,1,1
remove_accelerometer_gravity_game_rot_vec_magn_field,4,4
remove_accelerometer_gravity_game_rot_vec_magn_field,5,5
remove_accelerometer_gravity_game_rot_vec_magn_field,1,1
remove_accelerometer_gravity_game_rot_vec_magn_field,3,2
remove_accelerometer_gravity_game_rot_vec_magn_field,5,5
remove_accelerometer_gravity_game_rot_vec_magn_field,1,1
remove_accelerometer_gravity_game_rot_vec_magn_field,3,3
remove_accelerometer_gravity_game_rot_vec_magn_field,3,2
remove_accelerometer_gravity_game_rot_vec_magn_field,3,3
remove_accelerometer_gravity_game_rot_vec_magn_field,5,5
remove_accelerometer_gravity_game_rot_vec_magn_field,5,4
remove_accelerometer_gravity_game_rot_vec_magn_field,0,0
remove_accelerometer_gravity_game_rot_vec_magn_field,2,2
remove_accelerometer_gravity_game_rot_vec_magn_field,1,4
remove_accelerometer_gravity_game_rot_vec_magn_field,0,0
remove_accelerometer_gravity_game_rot_vec_magn_field,3,3
remove_accelerometer_gravity_game_rot_vec_magn_field,5,4
remove_accelerometer_gravity_game_rot_vec_magn_field,4,4
remove_accelerometer_gravity_game_rot_vec_magn_field,5,5
remove_accelerometer_gravity_game_rot_vec_magn_field,2,2
remove_accelerometer_gravity_game_rot_vec_magn_field,2,4
remove_accelerometer_gravity_game_rot_vec_magn_field,2,2
remove_accelerometer_gravity_game_rot_vec_magn_field,3,3
remove_accelerometer_gravity_game_rot_vec_magn_field,4,4
remove_accelerometer_gravity_game_rot_vec_magn_field,0,0
remove_accelerometer_gravity_game_rot_vec_magn_field,0,0
remove_accelerometer_gravity_game_rot_vec_magn_field,0,0
remove_accelerometer_gravity_game_rot_vec_magn_field,1,1
remove_accelerometer_gravity_game_rot_vec_magn_field,4,3
remove_accelerometer_gravity_game_rot_vec_magn_field,4,4
remove_accelerometer_gravity_game_rot_vec_magn_field,3,4
remove_accelerometer_gravity_game_rot_vec_magn_field,2,2
remove_accelerometer_gravity_game_rot_vec_magn_field,5,5
remove_accelerometer_gravity_game_rot_vec_magn_field,4,1
remove_accelerometer_gravity_game_rot_vec_magn_field,2,5
remove_accelerometer_gravity_game_rot_vec_magn_field,5,5
remove_accelerometer_gravity_game_rot_vec_magn_field,5,5
remove_accelerometer_gravity_game_rot_vec_magn_field,4,5
remove_accelerometer_gravity_game_rot_vec_magn_field,1,1
remove_accelerometer_gravity_game_rot_vec_magn_field,1,4
remove_accelerometer_gravity_game_rot_vec_magn_field,2,5
remove_accelerometer_gravity_game_rot_vec_magn_field,1,1
remove_accelerometer_gravity_game_rot_vec_magn_field,1,1
remove_accelerometer_gravity_game_rot_vec_magn_field,4,4
remove_accelerometer_gravity_game_rot_vec_magn_field,3,5
remove_accelerometer_gravity_game_rot_vec_magn_field,4,4
remove_accelerometer_gyros_lin_accel_game_rot_vec,1,1
remove_accelerometer_gyros_lin_accel_game_rot_vec,4,4
remove_accelerometer_gyros_lin_accel_game_rot_vec,1,1
remove_accelerometer_gyros_lin_accel_game_rot_vec,5,5
remove_accelerometer_gyros_lin_accel_game_rot_vec,3,3
remove_accelerometer_gyros_lin_accel_game_rot_vec,0,0
remove_accelerometer_gyros_lin_accel_game_rot_vec,2,5
remove_accelerometer_gyros_lin_accel_game_rot_vec,3,3
remove_accelerometer_gyros_lin_accel_game_rot_vec,0,0
remove_accelerometer_gyros_lin_accel_game_rot_vec,0,0
remove_accelerometer_gyros_lin_accel_game_rot_vec,5,5
remove_accelerometer_gyros_lin_accel_game_rot_vec,2,2
remove_accelerometer_gyros_lin_accel_game_rot_vec,0,0
remove_accelerometer_gyros_lin_accel_game_rot_vec,2,2
remove_accelerometer_gyros_lin_accel_game_rot_vec,0,0
remove_accelerometer_gyros_lin_accel_game_rot_vec,2,2
remove_accelerometer_gyros_lin_accel_game_rot_vec,3,2
remove_accelerometer_gyros_lin_accel_game_rot_vec,3,2
remove_accelerometer_gyros_lin_accel_game_rot_vec,0,0
remove_accelerometer_gyros_lin_accel_game_rot_vec,0,0
remove_accelerometer_gyros_lin_accel_game_rot_vec,1,1
remove_accelerometer_gyros_lin_accel_game_rot_vec,4,4
remove_accelerometer_gyros_lin_accel_game_rot_vec,2,2
remove_accelerometer_gyros_lin_accel_game_rot_vec,4,4
remove_accelerometer_gyros_lin_accel_game_rot_vec,5,5
remove_accelerometer_gyros_lin_accel_game_rot_vec,1,1
remove_accelerometer_gyros_lin_accel_game_rot_vec,4,4
remove_accelerometer_gyros_lin_accel_game_rot_vec,5,5
remove_accelerometer_gyros_lin_accel_game_rot_vec,1,1
remove_accelerometer_gyros_lin_accel_game_rot_vec,3,2
remove_accelerometer_gyros_lin_accel_game_rot_vec,5,5
remove_accelerometer_gyros_lin_accel_game_rot_vec,1,1
remove_accelerometer_gyros_lin_accel_game_rot_vec,3,3
remove_accelerometer_gyros_lin_accel_game_rot_vec,3,2
remove_accelerometer_gyros_lin_accel_game_rot_vec,3,3
remove_accelerometer_gyros_lin_accel_game_rot_vec,5,5
remove_accelerometer_gyros_lin_accel_game_rot_vec,5,5
remove_accelerometer_gyros_lin_accel_game_rot_vec,0,0
remove_accelerometer_gyros_lin_accel_game_rot_vec,2,2
remove_accelerometer_gyros_lin_accel_game_rot_vec,1,1
remove_accelerometer_gyros_lin_accel_game_rot_vec,0,0
remove_accelerometer_gyros_lin_accel_game_rot_vec,3,3
remove_accelerometer_gyros_lin_accel_game_rot_vec,5,5
remove_accelerometer_gyros_lin_accel_game_rot_vec,4,4
remove_accelerometer_gyros_lin_accel_game_rot_vec,5,5
remove_accelerometer_gyros_lin_accel_game_rot_vec,2,2
remove_accelerometer_gyros_lin_accel_game_rot_vec,2,2
remove_accelerometer_gyros_lin_accel_game_rot_vec,2,2
remove_accelerometer_gyros_lin_accel_game_rot_vec,3,2
remove_accelerometer_gyros_lin_accel_game_rot_vec,4,4
remove_accelerometer_gyros_lin_accel_game_rot_vec,0,0
remove_accelerometer_gyros_lin_accel_game_rot_vec,0,0
remove_accelerometer_gyros_lin_accel_game_rot_vec,0,0
remove_accelerometer_gyros_lin_accel_game_rot_vec,1,1
remove_accelerometer_gyros_lin_accel_game_rot_vec,4,5
remove_accelerometer_gyros_lin_accel_game_rot_vec,4,4
remove_accelerometer_gyros_lin_accel_game_rot_vec,3,4
remove_accelerometer_gyros_lin_accel_game_rot_vec,2,2
remove_accelerometer_gyros_lin_accel_game_rot_vec,5,5
remove_accelerometer_gyros_lin_accel_game_rot_vec,4,1
remove_accelerometer_gyros_lin_accel_game_rot_vec,2,5
remove_accelerometer_gyros_lin_accel_game_rot_vec,5,5
remove_accelerometer_gyros_lin_accel_game_rot_vec,5,5
remove_accelerometer_gyros_lin_accel_game_rot_vec,4,4
remove_accelerometer_gyros_lin_accel_game_rot_vec,1,1
remove_accelerometer_gyros_lin_accel_game_rot_vec,1,1
remove_accelerometer_gyros_lin_accel_game_rot_vec,2,3
remove_accelerometer_gyros_lin_accel_game_rot_vec,1,1
remove_accelerometer_gyros_lin_accel_game_rot_vec,1,1
remove_accelerometer_gyros_lin_accel_game_rot_vec,4,4
remove_accelerometer_gyros_lin_accel_game_rot_vec,3,3
remove_accelerometer_gyros_lin_accel_game_rot_vec,4,4
remove_accelerometer_gyros_lin_accel_magn_field,1,1
remove_accelerometer_gyros_lin_accel_magn_field,4,4
remove_accelerometer_gyros_lin_accel_magn_field,1,1
remove_accelerometer_gyros_lin_accel_magn_field,5,5
remove_accelerometer_gyros_lin_accel_magn_field,3,3
remove_accelerometer_gyros_lin_accel_magn_field,0,0
remove_accelerometer_gyros_lin_accel_magn_field,2,5
remove_accelerometer_gyros_lin_accel_magn_field,3,3
remove_accelerometer_gyros_lin_accel_magn_field,0,0
remove_accelerometer_gyros_lin_accel_magn_field,0,0
remove_accelerometer_gyros_lin_accel_magn_field,5,5
remove_accelerometer_gyros_lin_accel_magn_field,2,2
remove_accelerometer_gyros_lin_accel_magn_field,0,0
remove_accelerometer_gyros_lin_accel_magn_field,2,2
remove_accelerometer_gyros_lin_accel_magn_field,0,0
remove_accelerometer_gyros_lin_accel_magn_field,2,2
remove_accelerometer_gyros_lin_accel_magn_field,3,2
remove_accelerometer_gyros_lin_accel_magn_field,3,3
remove_accelerometer_gyros_lin_accel_magn_field,0,0
remove_accelerometer_gyros_lin_accel_magn_field,0,0
remove_accelerometer_gyros_lin_accel_magn_field,1,1
remove_accelerometer_gyros_lin_accel_magn_field,4,4
remove_accelerometer_gyros_lin_accel_magn_field,2,2
remove_accelerometer_gyros_lin_accel_magn_field,4,4
remove_accelerometer_gyros_lin_accel_magn_field,5,5
remove_accelerometer_gyros_lin_accel_magn_field,1,1
remove_accelerometer_gyros_lin_accel_magn_field,4,4
remove_accelerometer_gyros_lin_accel_magn_field,5,5
remove_accelerometer_gyros_lin_accel_magn_field,1,1
remove_accelerometer_gyros_lin_accel_magn_field,3,2
remove_accelerometer_gyros_lin_accel_magn_field,5,5
remove_accelerometer_gyros_lin_accel_magn_field,1,1
remove_accelerometer_gyros_lin_accel_magn_field,3,3
remove_accelerometer_gyros_lin_accel_magn_field,3,2
remove_accelerometer_gyros_lin_accel_magn_field,3,3
remove_accelerometer_gyros_lin_accel_magn_field,5,5
remove_accelerometer_gyros_lin_accel_magn_field,5,5
remove_accelerometer_gyros_lin_accel_magn_field,0,0
remove_accelerometer_gyros_lin_accel_magn_field,2,2
remove_accelerometer_gyros_lin_accel_magn_field,1,1
remove_accelerometer_gyros_lin_accel_magn_field,0,0
remove_accelerometer_gyros_lin_accel_magn_field,3,3
remove_accelerometer_gyros_lin_accel_magn_field,5,5
remove_accelerometer_gyros_lin_accel_magn_field,4,4
remove_accelerometer_gyros_lin_accel_magn_field,5,5
remove_accelerometer_gyros_lin_accel_magn_field,2,2
remove_accelerometer_gyros_lin_accel_magn_field,2,2
remove_accelerometer_gyros_lin_accel_magn_field,2,2
remove_accelerometer_gyros_lin_accel_magn_field,3,2
remove_accelerometer_gyros_lin_accel_magn_field,4,4
remove_accelerometer_gyros_lin_accel_magn_field,0,0
remove_accelerometer_gyros_lin_accel_magn_field,0,0
remove_accelerometer_gyros_lin_accel_magn_field,0,0
remove_accelerometer_gyros_lin_accel_magn_field,1,1
remove_accelerometer_gyros_lin_accel_magn_field,4,5
remove_accelerometer_gyros_lin_accel_magn_field,4,4
remove_accelerometer_gyros_lin_accel_magn_field,3,4
remove_accelerometer_gyros_lin_accel_magn_field,2,2
remove_accelerometer_gyros_lin_accel_magn_field,5,5
remove_accelerometer_gyros_lin_accel_magn_field,4,1
remove_accelerometer_gyros_lin_accel_magn_field,2,5
remove_accelerometer_gyros_lin_accel_magn_field,5,5
remove_accelerometer_gyros_lin_accel_magn_field,5,5
remove_accelerometer_gyros_lin_accel_magn_field,4,4
remove_accelerometer_gyros_lin_accel_magn_field,1,1
remove_accelerometer_gyros_lin_accel_magn_field,1,1
remove_accelerometer_gyros_lin_accel_magn_field,2,3
remove_accelerometer_gyros_lin_accel_magn_field,1,1
remove_accelerometer_gyros_lin_accel_magn_field,1,1
remove_accelerometer_gyros_lin_accel_magn_field,4,4
remove_accelerometer_gyros_lin_accel_magn_field,3,3
remove_accelerometer_gyros_lin_accel_magn_field,4,4
remove_accelerometer_gyros_game_rot_vec_magn_field,1,1
remove_accelerometer_gyros_game_rot_vec_magn_field,4,4
remove_accelerometer_gyros_game_rot_vec_magn_field,1,1
remove_accelerometer_gyros_game_rot_vec_magn_field,5,5
remove_accelerometer_gyros_game_rot_vec_magn_field,3,3
remove_accelerometer_gyros_game_rot_vec_magn_field,0,0
remove_accelerometer_gyros_game_rot_vec_magn_field,2,5
remove_accelerometer_gyros_game_rot_vec_magn_field,3,3
remove_accelerometer_gyros_game_rot_vec_magn_field,0,0
remove_accelerometer_gyros_game_rot_vec_magn_field,0,0
remove_accelerometer_gyros_game_rot_vec_magn_field,5,5
remove_accelerometer_gyros_game_rot_vec_magn_field,2,2
remove_accelerometer_gyros_game_rot_vec_magn_field,0,0
remove_accelerometer_gyros_game_rot_vec_magn_field,2,2
remove_accelerometer_gyros_game_rot_vec_magn_field,0,0
remove_accelerometer_gyros_game_rot_vec_magn_field,2,2
remove_accelerometer_gyros_game_rot_vec_magn_field,3,2
remove_accelerometer_gyros_game_rot_vec_magn_field,3,3
remove_accelerometer_gyros_game_rot_vec_magn_field,0,0
remove_accelerometer_gyros_game_rot_vec_magn_field,0,0
remove_accelerometer_gyros_game_rot_vec_magn_field,1,1
remove_accelerometer_gyros_game_rot_vec_magn_field,4,4
remove_accelerometer_gyros_game_rot_vec_magn_field,2,2
remove_accelerometer_gyros_game_rot_vec_magn_field,4,4
remove_accelerometer_gyros_game_rot_vec_magn_field,5,5
remove_accelerometer_gyros_game_rot_vec_magn_field,1,1
remove_accelerometer_gyros_game_rot_vec_magn_field,4,4
remove_accelerometer_gyros_game_rot_vec_magn_field,5,5
remove_accelerometer_gyros_game_rot_vec_magn_field,1,1
remove_accelerometer_gyros_game_rot_vec_magn_field,3,2
remove_accelerometer_gyros_game_rot_vec_magn_field,5,5
remove_accelerometer_gyros_game_rot_vec_magn_field,1,1
remove_accelerometer_gyros_game_rot_vec_magn_field,3,3
remove_accelerometer_gyros_game_rot_vec_magn_field,3,2
remove_accelerometer_gyros_game_rot_vec_magn_field,3,3
remove_accelerometer_gyros_game_rot_vec_magn_field,5,5
remove_accelerometer_gyros_game_rot_vec_magn_field,5,5
remove_accelerometer_gyros_game_rot_vec_magn_field,0,0
remove_accelerometer_gyros_game_rot_vec_magn_field,2,2
remove_accelerometer_gyros_game_rot_vec_magn_field,1,1
remove_accelerometer_gyros_game_rot_vec_magn_field,0,0
remove_accelerometer_gyros_game_rot_vec_magn_field,3,3
remove_accelerometer_gyros_game_rot_vec_magn_field,5,5
remove_accelerometer_gyros_game_rot_vec_magn_field,4,4
remove_accelerometer_gyros_game_rot_vec_magn_field,5,5
remove_accelerometer_gyros_game_rot_vec_magn_field,2,2
remove_accelerometer_gyros_game_rot_vec_magn_field,2,3
remove_accelerometer_gyros_game_rot_vec_magn_field,2,2
remove_accelerometer_gyros_game_rot_vec_magn_field,3,2
remove_accelerometer_gyros_game_rot_vec_magn_field,4,4
remove_accelerometer_gyros_game_rot_vec_magn_field,0,0
remove_accelerometer_gyros_game_rot_vec_magn_field,0,0
remove_accelerometer_gyros_game_rot_vec_magn_field,0,0
remove_accelerometer_gyros_game_rot_vec_magn_field,1,1
remove_accelerometer_gyros_game_rot_vec_magn_field,4,5
remove_accelerometer_gyros_game_rot_vec_magn_field,4,4
remove_accelerometer_gyros_game_rot_vec_magn_field,3,4
remove_accelerometer_gyros_game_rot_vec_magn_field,2,3
remove_accelerometer_gyros_game_rot_vec_magn_field,5,5
remove_accelerometer_gyros_game_rot_vec_magn_field,4,1
remove_accelerometer_gyros_game_rot_vec_magn_field,2,5
remove_accelerometer_gyros_game_rot_vec_magn_field,5,5
remove_accelerometer_gyros_game_rot_vec_magn_field,5,5
remove_accelerometer_gyros_game_rot_vec_magn_field,4,4
remove_accelerometer_gyros_game_rot_vec_magn_field,1,1
remove_accelerometer_gyros_game_rot_vec_magn_field,1,1
remove_accelerometer_gyros_game_rot_vec_magn_field,2,2
remove_accelerometer_gyros_game_rot_vec_magn_field,1,1
remove_accelerometer_gyros_game_rot_vec_magn_field,1,1
remove_accelerometer_gyros_game_rot_vec_magn_field,4,4
remove_accelerometer_gyros_game_rot_vec_magn_field,3,3
remove_accelerometer_gyros_game_rot_vec_magn_field,4,4
remove_accelerometer_lin_accel_game_rot_vec_magn_field,1,1
remove_accelerometer_lin_accel_game_rot_vec_magn_field,4,4
remove_accelerometer_lin_accel_game_rot_vec_magn_field,1,1
remove_accelerometer_lin_accel_game_rot_vec_magn_field,5,5
remove_accelerometer_lin_accel_game_rot_vec_magn_field,3,2
remove_accelerometer_lin_accel_game_rot_vec_magn_field,0,0
remove_accelerometer_lin_accel_game_rot_vec_magn_field,2,5
remove_accelerometer_lin_accel_game_rot_vec_magn_field,3,3
remove_accelerometer_lin_accel_game_rot_vec_magn_field,0,0
remove_accelerometer_lin_accel_game_rot_vec_magn_field,0,0
remove_accelerometer_lin_accel_game_rot_vec_magn_field,5,5
remove_accelerometer_lin_accel_game_rot_vec_magn_field,2,2
remove_accelerometer_lin_accel_game_rot_vec_magn_field,0,0
remove_accelerometer_lin_accel_game_rot_vec_magn_field,2,2
remove_accelerometer_lin_accel_game_rot_vec_magn_field,0,0
remove_accelerometer_lin_accel_game_rot_vec_magn_field,2,2
remove_accelerometer_lin_accel_game_rot_vec_magn_field,3,2
remove_accelerometer_lin_accel_game_rot_vec_magn_field,3,2
remove_accelerometer_lin_accel_game_rot_vec_magn_field,0,0
remove_accelerometer_lin_accel_game_rot_vec_magn_field,0,0
remove_accelerometer_lin_accel_game_rot_vec_magn_field,1,1
remove_accelerometer_lin_accel_game_rot_vec_magn_field,4,4
remove_accelerometer_lin_accel_game_rot_vec_magn_field,2,2
remove_accelerometer_lin_accel_game_rot_vec_magn_field,4,4
remove_accelerometer_lin_accel_game_rot_vec_magn_field,5,5
remove_accelerometer_lin_accel_game_rot_vec_magn_field,1,1
remove_accelerometer_lin_accel_game_rot_vec_magn_field,4,4
remove_accelerometer_lin_accel_game_rot_vec_magn_field,5,5
remove_accelerometer_lin_accel_game_rot_vec_magn_field,1,1
remove_accelerometer_lin_accel_game_rot_vec_magn_field,3,2
remove_accelerometer_lin_accel_game_rot_vec_magn_field,5,5
remove_accelerometer_lin_accel_game_rot_vec_magn_field,1,1
remove_accelerometer_lin_accel_game_rot_vec_magn_field,3,3
remove_accelerometer_lin_accel_game_rot_vec_magn_field,3,2
remove_accelerometer_lin_accel_game_rot_vec_magn_field,3,3
remove_accelerometer_lin_accel_game_rot_vec_magn_field,5,5
remove_accelerometer_lin_accel_game_rot_vec_magn_field,5,5
remove_accelerometer_lin_accel_game_rot_vec_magn_field,0,0
remove_accelerometer_lin_accel_game_rot_vec_magn_field,2,2
remove_accelerometer_lin_accel_game_rot_vec_magn_field,1,1
remove_accelerometer_lin_accel_game_rot_vec_magn_field,0,0
remove_accelerometer_lin_accel_game_rot_vec_magn_field,3,3
remove_accelerometer_lin_accel_game_rot_vec_magn_field,5,5
remove_accelerometer_lin_accel_game_rot_vec_magn_field,4,4
remove_accelerometer_lin_accel_game_rot_vec_magn_field,5,5
remove_accelerometer_lin_accel_game_rot_vec_magn_field,2,2
remove_accelerometer_lin_accel_game_rot_vec_magn_field,2,2
remove_accelerometer_lin_accel_game_rot_vec_magn_field,2,2
remove_accelerometer_lin_accel_game_rot_vec_magn_field,3,2
remove_accelerometer_lin_accel_game_rot_vec_magn_field,4,4
remove_accelerometer_lin_accel_game_rot_vec_magn_field,0,0
remove_accelerometer_lin_accel_game_rot_vec_magn_field,0,0
remove_accelerometer_lin_accel_game_rot_vec_magn_field,0,0
remove_accelerometer_lin_accel_game_rot_vec_magn_field,1,1
remove_accelerometer_lin_accel_game_rot_vec_magn_field,4,5
remove_accelerometer_lin_accel_game_rot_vec_magn_field,4,4
remove_accelerometer_lin_accel_game_rot_vec_magn_field,3,4
remove_accelerometer_lin_accel_game_rot_vec_magn_field,2,2
remove_accelerometer_lin_accel_game_rot_vec_magn_field,5,5
remove_accelerometer_lin_accel_game_rot_vec_magn_field,4,1
remove_accelerometer_lin_accel_game_rot_vec_magn_field,2,5
remove_accelerometer_lin_accel_game_rot_vec_magn_field,5,5
remove_accelerometer_lin_accel_game_rot_vec_magn_field,5,5
remove_accelerometer_lin_accel_game_rot_vec_magn_field,4,4
remove_accelerometer_lin_accel_game_rot_vec_magn_field,1,1
remove_accelerometer_lin_accel_game_rot_vec_magn_field,1,1
remove_accelerometer_lin_accel_game_rot_vec_magn_field,2,2
remove_accelerometer_lin_accel_game_rot_vec_magn_field,1,1
remove_accelerometer_lin_accel_game_rot_vec_magn_field,1,1
remove_accelerometer_lin_accel_game_rot_vec_magn_field,4,4
remove_accelerometer_lin_accel_game_rot_vec_magn_field,3,3
remove_accelerometer_lin_accel_game_rot_vec_magn_field,4,4
remove_gravity_gyros_lin_accel_game_rot_vec,1,1
remove_gravity_gyros_lin_accel_game_rot_vec,4,4
remove_gravity_gyros_lin_accel_game_rot_vec,1,1
remove_gravity_gyros_lin_accel_game_rot_vec,5,5
remove_gravity_gyros_lin_accel_game_rot_vec,3,3
remove_gravity_gyros_lin_accel_game_rot_vec,0,0
remove_gravity_gyros_lin_accel_game_rot_vec,2,5
remove_gravity_gyros_lin_accel_game_rot_vec,3,2
remove_gravity_gyros_lin_accel_game_rot_vec,0,0
remove_gravity_gyros_lin_accel_game_rot_vec,0,0
remove_gravity_gyros_lin_accel_game_rot_vec,5,5
remove_gravity_gyros_lin_accel_game_rot_vec,2,2
remove_gravity_gyros_lin_accel_game_rot_vec,0,0
remove_gravity_gyros_lin_accel_game_rot_vec,2,2
remove_gravity_gyros_lin_accel_game_rot_vec,0,0
remove_gravity_gyros_lin_accel_game_rot_vec,2,2
remove_gravity_gyros_lin_accel_game_rot_vec,3,3
remove_gravity_gyros_lin_accel_game_rot_vec,3,4
remove_gravity_gyros_lin_accel_game_rot_vec,0,0
remove_gravity_gyros_lin_accel_game_rot_vec,0,0
remove_gravity_gyros_lin_accel_game_rot_vec,1,1
remove_gravity_gyros_lin_accel_game_rot_vec,4,4
remove_gravity_gyros_lin_accel_game_rot_vec,2,2
remove_gravity_gyros_lin_accel_game_rot_vec,4,4
remove_gravity_gyros_lin_accel_game_rot_vec,5,5
remove_gravity_gyros_lin_accel_game_rot_vec,1,1
remove_gravity_gyros_lin_accel_game_rot_vec,4,4
remove_gravity_gyros_lin_accel_game_rot_vec,5,5
remove_gravity_gyros_lin_accel_game_rot_vec,1,1
remove_gravity_gyros_lin_accel_game_rot_vec,3,2
remove_gravity_gyros_lin_accel_game_rot_vec,5,5
remove_gravity_gyros_lin_accel_game_rot_vec,1,1
remove_gravity_gyros_lin_accel_game_rot_vec,3,3
remove_gravity_gyros_lin_accel_game_rot_vec,3,3
remove_gravity_gyros_lin_accel_game_rot_vec,3,1
remove_gravity_gyros_lin_accel_game_rot_vec,5,5
remove_gravity_gyros_lin_accel_game_rot_vec,5,5
remove_gravity_gyros_lin_accel_game_rot_vec,0,0
remove_gravity_gyros_lin_accel_game_rot_vec,2,2
remove_gravity_gyros_lin_accel_game_rot_vec,1,1
remove_gravity_gyros_lin_accel_game_rot_vec,0,0
remove_gravity_gyros_lin_accel_game_rot_vec,3,2
remove_gravity_gyros_lin_accel_game_rot_vec,5,5
remove_gravity_gyros_lin_accel_game_rot_vec,4,4
remove_gravity_gyros_lin_accel_game_rot_vec,5,5
remove_gravity_gyros_lin_accel_game_rot_vec,2,2
remove_gravity_gyros_lin_accel_game_rot_vec,2,2
remove_gravity_gyros_lin_accel_game_rot_vec,2,1
remove_gravity_gyros_lin_accel_game_rot_vec,3,3
remove_gravity_gyros_lin_accel_game_rot_vec,4,4
remove_gravity_gyros_lin_accel_game_rot_vec,0,0
remove_gravity_gyros_lin_accel_game_rot_vec,0,0
remove_gravity_gyros_lin_accel_game_rot_vec,0,0
remove_gravity_gyros_lin_accel_game_rot_vec,1,1
remove_gravity_gyros_lin_accel_game_rot_vec,4,5
remove_gravity_gyros_lin_accel_game_rot_vec,4,4
remove_gravity_gyros_lin_accel_game_rot_vec,3,4
remove_gravity_gyros_lin_accel_game_rot_vec,2,2
remove_gravity_gyros_lin_accel_game_rot_vec,5,5
remove_gravity_gyros_lin_accel_game_rot_vec,4,5
remove_gravity_gyros_lin_accel_game_rot_vec,2,5
remove_gravity_gyros_lin_accel_game_rot_vec,5,5
remove_gravity_gyros_lin_accel_game_rot_vec,5,5
remove_gravity_gyros_lin_accel_game_rot_vec,4,4
remove_gravity_gyros_lin_accel_game_rot_vec,1,1
remove_gravity_gyros_lin_accel_game_rot_vec,1,1
remove_gravity_gyros_lin_accel_game_rot_vec,2,3
remove_gravity_gyros_lin_accel_game_rot_vec,1,1
remove_gravity_gyros_lin_accel_game_rot_vec,1,1
remove_gravity_gyros_lin_accel_game_rot_vec,4,4
remove_gravity_gyros_lin_accel_game_rot_vec,3,3
remove_gravity_gyros_lin_accel_game_rot_vec,4,4
remove_gravity_gyros_lin_accel_magn_field,1,1
remove_gravity_gyros_lin_accel_magn_field,4,4
remove_gravity_gyros_lin_accel_magn_field,1,1
remove_gravity_gyros_lin_accel_magn_field,5,1
remove_gravity_gyros_lin_accel_magn_field,3,3
remove_gravity_gyros_lin_accel_magn_field,0,0
remove_gravity_gyros_lin_accel_magn_field,2,5
remove_gravity_gyros_lin_accel_magn_field,3,3
remove_gravity_gyros_lin_accel_magn_field,0,0
remove_gravity_gyros_lin_accel_magn_field,0,0
remove_gravity_gyros_lin_accel_magn_field,5,5
remove_gravity_gyros_lin_accel_magn_field,2,3
remove_gravity_gyros_lin_accel_magn_field,0,0
remove_gravity_gyros_lin_accel_magn_field,2,1
remove_gravity_gyros_lin_accel_magn_field,0,0
remove_gravity_gyros_lin_accel_magn_field,2,2
remove_gravity_gyros_lin_accel_magn_field,3,2
remove_gravity_gyros_lin_accel_magn_field,3,3
remove_gravity_gyros_lin_accel_magn_field,0,0
remove_gravity_gyros_lin_accel_magn_field,0,0
remove_gravity_gyros_lin_accel_magn_field,1,1
remove_gravity_gyros_lin_accel_magn_field,4,1
remove_gravity_gyros_lin_accel_magn_field,2,2
remove_gravity_gyros_lin_accel_magn_field,4,4
remove_gravity_gyros_lin_accel_magn_field,5,5
remove_gravity_gyros_lin_accel_magn_field,1,1
remove_gravity_gyros_lin_accel_magn_field,4,4
remove_gravity_gyros_lin_accel_magn_field,5,5
remove_gravity_gyros_lin_accel_magn_field,1,1
remove_gravity_gyros_lin_accel_magn_field,3,2
remove_gravity_gyros_lin_accel_magn_field,5,5
remove_gravity_gyros_lin_accel_magn_field,1,1
remove_gravity_gyros_lin_accel_magn_field,3,3
remove_gravity_gyros_lin_accel_magn_field,3,2
remove_gravity_gyros_lin_accel_magn_field,3,1
remove_gravity_gyros_lin_accel_magn_field,5,5
remove_gravity_gyros_lin_accel_magn_field,5,5
remove_gravity_gyros_lin_accel_magn_field,0,0
remove_gravity_gyros_lin_accel_magn_field,2,1
remove_gravity_gyros_lin_accel_magn_field,1,1
remove_gravity_gyros_lin_accel_magn_field,0,0
remove_gravity_gyros_lin_accel_magn_field,3,2
remove_gravity_gyros_lin_accel_magn_field,5,5
remove_gravity_gyros_lin_accel_magn_field,4,4
remove_gravity_gyros_lin_accel_magn_field,5,5
remove_gravity_gyros_lin_accel_magn_field,2,2
remove_gravity_gyros_lin_accel_magn_field,2,2
remove_gravity_gyros_lin_accel_magn_field,2,2
remove_gravity_gyros_lin_accel_magn_field,3,2
remove_gravity_gyros_lin_accel_magn_field,4,4
remove_gravity_gyros_lin_accel_magn_field,0,0
remove_gravity_gyros_lin_accel_magn_field,0,0
remove_gravity_gyros_lin_accel_magn_field,0,0
remove_gravity_gyros_lin_accel_magn_field,1,1
remove_gravity_gyros_lin_accel_magn_field,4,5
remove_gravity_gyros_lin_accel_magn_field,4,4
remove_gravity_gyros_lin_accel_magn_field,3,4
remove_gravity_gyros_lin_accel_magn_field,2,2
remove_gravity_gyros_lin_accel_magn_field,5,5
remove_gravity_gyros_lin_accel_magn_field,4,5
remove_gravity_gyros_lin_accel_magn_field,2,5
remove_gravity_gyros_lin_accel_magn_field,5,5
remove_gravity_gyros_lin_accel_magn_field,5,5
remove_gravity_gyros_lin_accel_magn_field,4,4
remove_gravity_gyros_lin_accel_magn_field,1,1
remove_gravity_gyros_lin_accel_magn_field,1,1
remove_gravity_gyros_lin_accel_magn_field,2,3
remove_gravity_gyros_lin_accel_magn_field,1,1
remove_gravity_gyros_lin_accel_magn_field,1,1
remove_gravity_gyros_lin_accel_magn_field,4,4
remove_gravity_gyros_lin_accel_magn_field,3,3
remove_gravity_gyros_lin_accel_magn_field,4,4
remove_gravity_gyros_game_rot_vec_magn_field,1,1
remove_gravity_gyros_game_rot_vec_magn_field,4,4
remove_gravity_gyros_game_rot_vec_magn_field,1,1
remove_gravity_gyros_game_rot_vec_magn_field,5,1
remove_gravity_gyros_game_rot_vec_magn_field,3,3
remove_gravity_gyros_game_rot_vec_magn_field,0,0
remove_gravity_gyros_game_rot_vec_magn_field,2,5
remove_gravity_gyros_game_rot_vec_magn_field,3,3
remove_gravity_gyros_game_rot_vec_magn_field,0,0
remove_gravity_gyros_game_rot_vec_magn_field,0,0
remove_gravity_gyros_game_rot_vec_magn_field,5,5
remove_gravity_gyros_game_rot_vec_magn_field,2,2
remove_gravity_gyros_game_rot_vec_magn_field,0,0
remove_gravity_gyros_game_rot_vec_magn_field,2,2
remove_gravity_gyros_game_rot_vec_magn_field,0,0
remove_gravity_gyros_game_rot_vec_magn_field,2,2
remove_gravity_gyros_game_rot_vec_magn_field,3,2
remove_gravity_gyros_game_rot_vec_magn_field,3,3
remove_gravity_gyros_game_rot_vec_magn_field,0,0
remove_gravity_gyros_game_rot_vec_magn_field,0,0
remove_gravity_gyros_game_rot_vec_magn_field,1,1
remove_gravity_gyros_game_rot_vec_magn_field,4,1
remove_gravity_gyros_game_rot_vec_magn_field,2,2
remove_gravity_gyros_game_rot_vec_magn_field,4,4
remove_gravity_gyros_game_rot_vec_magn_field,5,5
remove_gravity_gyros_game_rot_vec_magn_field,1,1
remove_gravity_gyros_game_rot_vec_magn_field,4,4
remove_gravity_gyros_game_rot_vec_magn_field,5,5
remove_gravity_gyros_game_rot_vec_magn_field,1,1
remove_gravity_gyros_game_rot_vec_magn_field,3,2
remove_gravity_gyros_game_rot_vec_magn_field,5,5
remove_gravity_gyros_game_rot_vec_magn_field,1,1
remove_gravity_gyros_game_rot_vec_magn_field,3,3
remove_gravity_gyros_game_rot_vec_magn_field,3,3
remove_gravity_gyros_game_rot_vec_magn_field,3,1
remove_gravity_gyros_game_rot_vec_magn_field,5,5
remove_gravity_gyros_game_rot_vec_magn_field,5,4
remove_gravity_gyros_game_rot_vec_magn_field,0,0
remove_gravity_gyros_game_rot_vec_magn_field,2,2
remove_gravity_gyros_game_rot_vec_magn_field,1,2
remove_gravity_gyros_game_rot_vec_magn_field,0,0
remove_gravity_gyros_game_rot_vec_magn_field,3,2
remove_gravity_gyros_game_rot_vec_magn_field,5,5
remove_gravity_gyros_game_rot_vec_magn_field,4,4
remove_gravity_gyros_game_rot_vec_magn_field,5,5
remove_gravity_gyros_game_rot_vec_magn_field,2,2
remove_gravity_gyros_game_rot_vec_magn_field,2,3
remove_gravity_gyros_game_rot_vec_magn_field,2,1
remove_gravity_gyros_game_rot_vec_magn_field,3,3
remove_gravity_gyros_game_rot_vec_magn_field,4,4
remove_gravity_gyros_game_rot_vec_magn_field,0,0
remove_gravity_gyros_game_rot_vec_magn_field,0,0
remove_gravity_gyros_game_rot_vec_magn_field,0,0
remove_gravity_gyros_game_rot_vec_magn_field,1,1
remove_gravity_gyros_game_rot_vec_magn_field,4,5
remove_gravity_gyros_game_rot_vec_magn_field,4,4
remove_gravity_gyros_game_rot_vec_magn_field,3,4
remove_gravity_gyros_game_rot_vec_magn_field,2,2
remove_gravity_gyros_game_rot_vec_magn_field,5,5
remove_gravity_gyros_game_rot_vec_magn_field,4,1
remove_gravity_gyros_game_rot_vec_magn_field,2,5
remove_gravity_gyros_game_rot_vec_magn_field,5,5
remove_gravity_gyros_game_rot_vec_magn_field,5,5
remove_gravity_gyros_game_rot_vec_magn_field,4,4
remove_gravity_gyros_game_rot_vec_magn_field,1,1
remove_gravity_gyros_game_rot_vec_magn_field,1,1
remove_gravity_gyros_game_rot_vec_magn_field,2,3
remove_gravity_gyros_game_rot_vec_magn_field,1,1
remove_gravity_gyros_game_rot_vec_magn_field,1,1
remove_gravity_gyros_game_rot_vec_magn_field,4,4
remove_gravity_gyros_game_rot_vec_magn_field,3,3
remove_gravity_gyros_game_rot_vec_magn_field,4,4
remove_gravity_lin_accel_game_rot_vec_magn_field,1,1
remove_gravity_lin_accel_game_rot_vec_magn_field,4,4
remove_gravity_lin_accel_game_rot_vec_magn_field,1,1
remove_gravity_lin_accel_game_rot_vec_magn_field,5,5
remove_gravity_lin_accel_game_rot_vec_magn_field,3,3
remove_gravity_lin_accel_game_rot_vec_magn_field,0,0
remove_gravity_lin_accel_game_rot_vec_magn_field,2,5
remove_gravity_lin_accel_game_rot_vec_magn_field,3,2
remove_gravity_lin_accel_game_rot_vec_magn_field,0,0
remove_gravity_lin_accel_game_rot_vec_magn_field,0,0
remove_gravity_lin_accel_game_rot_vec_magn_field,5,5
remove_gravity_lin_accel_game_rot_vec_magn_field,2,2
remove_gravity_lin_accel_game_rot_vec_magn_field,0,0
remove_gravity_lin_accel_game_rot_vec_magn_field,2,2
remove_gravity_lin_accel_game_rot_vec_magn_field,0,0
remove_gravity_lin_accel_game_rot_vec_magn_field,2,2
remove_gravity_lin_accel_game_rot_vec_magn_field,3,1
remove_gravity_lin_accel_game_rot_vec_magn_field,3,3
remove_gravity_lin_accel_game_rot_vec_magn_field,0,0
remove_gravity_lin_accel_game_rot_vec_magn_field,0,0
remove_gravity_lin_accel_game_rot_vec_magn_field,1,1
remove_gravity_lin_accel_game_rot_vec_magn_field,4,1
remove_gravity_lin_accel_game_rot_vec_magn_field,2,2
remove_gravity_lin_accel_game_rot_vec_magn_field,4,4
remove_gravity_lin_accel_game_rot_vec_magn_field,5,5
remove_gravity_lin_accel_game_rot_vec_magn_field,1,1
remove_gravity_lin_accel_game_rot_vec_magn_field,4,4
remove_gravity_lin_accel_game_rot_vec_magn_field,5,5
remove_gravity_lin_accel_game_rot_vec_magn_field,1,1
remove_gravity_lin_accel_game_rot_vec_magn_field,3,2
remove_gravity_lin_accel_game_rot_vec_magn_field,5,5
remove_gravity_lin_accel_game_rot_vec_magn_field,1,1
remove_gravity_lin_accel_game_rot_vec_magn_field,3,3
remove_gravity_lin_accel_game_rot_vec_magn_field,3,3
remove_gravity_lin_accel_game_rot_vec_magn_field,3,1
remove_gravity_lin_accel_game_rot_vec_magn_field,5,5
remove_gravity_lin_accel_game_rot_vec_magn_field,5,4
remove_gravity_lin_accel_game_rot_vec_magn_field,0,0
remove_gravity_lin_accel_game_rot_vec_magn_field,2,2
remove_gravity_lin_accel_game_rot_vec_magn_field,1,1
remove_gravity_lin_accel_game_rot_vec_magn_field,0,0
remove_gravity_lin_accel_game_rot_vec_magn_field,3,2
remove_gravity_lin_accel_game_rot_vec_magn_field,5,5
remove_gravity_lin_accel_game_rot_vec_magn_field,4,4
remove_gravity_lin_accel_game_rot_vec_magn_field,5,5
remove_gravity_lin_accel_game_rot_vec_magn_field,2,2
remove_gravity_lin_accel_game_rot_vec_magn_field,2,2
remove_gravity_lin_accel_game_rot_vec_magn_field,2,1
remove_gravity_lin_accel_game_rot_vec_magn_field,3,3
remove_gravity_lin_accel_game_rot_vec_magn_field,4,4
remove_gravity_lin_accel_game_rot_vec_magn_field,0,0
remove_gravity_lin_accel_game_rot_vec_magn_field,0,0
remove_gravity_lin_accel_game_rot_vec_magn_field,0,0
remove_gravity_lin_accel_game_rot_vec_magn_field,1,1
remove_gravity_lin_accel_game_rot_vec_magn_field,4,5
remove_gravity_lin_accel_game_rot_vec_magn_field,4,4
remove_gravity_lin_accel_game_rot_vec_magn_field,3,4
remove_gravity_lin_accel_game_rot_vec_magn_field,2,2
remove_gravity_lin_accel_game_rot_vec_magn_field,5,5
remove_gravity_lin_accel_game_rot_vec_magn_field,4,1
remove_gravity_lin_accel_game_rot_vec_magn_field,2,5
remove_gravity_lin_accel_game_rot_vec_magn_field,5,5
remove_gravity_lin_accel_game_rot_vec_magn_field,5,5
remove_gravity_lin_accel_game_rot_vec_magn_field,4,3
remove_gravity_lin_accel_game_rot_vec_magn_field,1,1
remove_gravity_lin_accel_game_rot_vec_magn_field,1,1
remove_gravity_lin_accel_game_rot_vec_magn_field,2,2
remove_gravity_lin_accel_game_rot_vec_magn_field,1,1
remove_gravity_lin_accel_game_rot_vec_magn_field,1,1
remove_gravity_lin_accel_game_rot_vec_magn_field,4,4
remove_gravity_lin_accel_game_rot_vec_magn_field,3,2
remove_gravity_lin_accel_game_rot_vec_magn_field,4,4
remove_gyros_lin_accel_game_rot_vec_magn_field,1,1
remove_gyros_lin_accel_game_rot_vec_magn_field,4,4
remove_gyros_lin_accel_game_rot_vec_magn_field,1,1
remove_gyros_lin_accel_game_rot_vec_magn_field,5,5
remove_gyros_lin_accel_game_rot_vec_magn_field,3,3
remove_gyros_lin_accel_game_rot_vec_magn_field,0,0
remove_gyros_lin_accel_game_rot_vec_magn_field,2,5
remove_gyros_lin_accel_game_rot_vec_magn_field,3,3
remove_gyros_lin_accel_game_rot_vec_magn_field,0,0
remove_gyros_lin_accel_game_rot_vec_magn_field,0,0
remove_gyros_lin_accel_game_rot_vec_magn_field,5,5
remove_gyros_lin_accel_game_rot_vec_magn_field,2,2
remove_gyros_lin_accel_game_rot_vec_magn_field,0,0
remove_gyros_lin_accel_game_rot_vec_magn_field,2,2
remove_gyros_lin_accel_game_rot_vec_magn_field,0,0
remove_gyros_lin_accel_game_rot_vec_magn_field,2,2
remove_gyros_lin_accel_game_rot_vec_magn_field,3,2
remove_gyros_lin_accel_game_rot_vec_magn_field,3,3
remove_gyros_lin_accel_game_rot_vec_magn_field,0,0
remove_gyros_lin_accel_game_rot_vec_magn_field,0,0
remove_gyros_lin_accel_game_rot_vec_magn_field,1,1
remove_gyros_lin_accel_game_rot_vec_magn_field,4,4
remove_gyros_lin_accel_game_rot_vec_magn_field,2,2
remove_gyros_lin_accel_game_rot_vec_magn_field,4,4
remove_gyros_lin_accel_game_rot_vec_magn_field,5,5
remove_gyros_lin_accel_game_rot_vec_magn_field,1,1
remove_gyros_lin_accel_game_rot_vec_magn_field,4,4
remove_gyros_lin_accel_game_rot_vec_magn_field,5,5
remove_gyros_lin_accel_game_rot_vec_magn_field,1,1
remove_gyros_lin_accel_game_rot_vec_magn_field,3,3
remove_gyros_lin_accel_game_rot_vec_magn_field,5,5
remove_gyros_lin_accel_game_rot_vec_magn_field,1,1
remove_gyros_lin_accel_game_rot_vec_magn_field,3,3
remove_gyros_lin_accel_game_rot_vec_magn_field,3,3
remove_gyros_lin_accel_game_rot_vec_magn_field,3,1
remove_gyros_lin_accel_game_rot_vec_magn_field,5,5
remove_gyros_lin_accel_game_rot_vec_magn_field,5,5
remove_gyros_lin_accel_game_rot_vec_magn_field,0,0
remove_gyros_lin_accel_game_rot_vec_magn_field,2,2
remove_gyros_lin_accel_game_rot_vec_magn_field,1,1
remove_gyros_lin_accel_game_rot_vec_magn_field,0,0
remove_gyros_lin_accel_game_rot_vec_magn_field,3,3
remove_gyros_lin_accel_game_rot_vec_magn_field,5,5
remove_gyros_lin_accel_game_rot_vec_magn_field,4,4
remove_gyros_lin_accel_game_rot_vec_magn_field,5,5
remove_gyros_lin_accel_game_rot_vec_magn_field,2,2
remove_gyros_lin_accel_game_rot_vec_magn_field,2,2
remove_gyros_lin_accel_game_rot_vec_magn_field,2,2
remove_gyros_lin_accel_game_rot_vec_magn_field,3,2
remove_gyros_lin_accel_game_rot_vec_magn_field,4,4
remove_gyros_lin_accel_game_rot_vec_magn_field,0,0
remove_gyros_lin_accel_game_rot_vec_magn_field,0,0
remove_gyros_lin_accel_game_rot_vec_magn_field,0,0
remove_gyros_lin_accel_game_rot_vec_magn_field,1,1
remove_gyros_lin_accel_game_rot_vec_magn_field,4,5
remove_gyros_lin_accel_game_rot_vec_magn_field,4,4
remove_gyros_lin_accel_game_rot_vec_magn_field,3,4
remove_gyros_lin_accel_game_rot_vec_magn_field,2,2
remove_gyros_lin_accel_game_rot_vec_magn_field,5,5
remove_gyros_lin_accel_game_rot_vec_magn_field,4,1
remove_gyros_lin_accel_game_rot_vec_magn_field,2,5
remove_gyros_lin_accel_game_rot_vec_magn_field,5,5
remove_gyros_lin_accel_game_rot_vec_magn_field,5,5
remove_gyros_lin_accel_game_rot_vec_magn_field,4,4
remove_gyros_lin_accel_game_rot_vec_magn_field,1,1
remove_gyros_lin_accel_game_rot_vec_magn_field,1,1
remove_gyros_lin_accel_game_rot_vec_magn_field,2,2
remove_gyros_lin_accel_game_rot_vec_magn_field,1,1
remove_gyros_lin_accel_game_rot_vec_magn_field,1,1
remove_gyros_lin_accel_game_rot_vec_magn_field,4,4
remove_gyros_lin_accel_game_rot_vec_magn_field,3,3
remove_gyros_lin_accel_game_rot_vec_magn_field,4,4
remove_accelerometer_gravity_gyros_lin_accel_game_rot_vec,1,1
remove_accelerometer_gravity_gyros_lin_accel_game_rot_vec,4,4
remove_accelerometer_gravity_gyros_lin_accel_game_rot_vec,1,1
remove_accelerometer_gravity_gyros_lin_accel_game_rot_vec,5,5
remove_accelerometer_gravity_gyros_lin_accel_game_rot_vec,3,3
remove_accelerometer_gravity_gyros_lin_accel_game_rot_vec,0,0
remove_accelerometer_gravity_gyros_lin_accel_game_rot_vec,2,5
remove_accelerometer_gravity_gyros_lin_accel_game_rot_vec,3,2
remove_accelerometer_gravity_gyros_lin_accel_game_rot_vec,0,0
remove_accelerometer_gravity_gyros_lin_accel_game_rot_vec,0,0
remove_accelerometer_gravity_gyros_lin_accel_game_rot_vec,5,5
remove_accelerometer_gravity_gyros_lin_accel_game_rot_vec,2,3
remove_accelerometer_gravity_gyros_lin_accel_game_rot_vec,0,0
remove_accelerometer_gravity_gyros_lin_accel_game_rot_vec,2,2
remove_accelerometer_gravity_gyros_lin_accel_game_rot_vec,0,0
remove_accelerometer_gravity_gyros_lin_accel_game_rot_vec,2,3
remove_accelerometer_gravity_gyros_lin_accel_game_rot_vec,3,4
remove_accelerometer_gravity_gyros_lin_accel_game_rot_vec,3,4
remove_accelerometer_gravity_gyros_lin_accel_game_rot_vec,0,0
remove_accelerometer_gravity_gyros_lin_accel_game_rot_vec,0,0
remove_accelerometer_gravity_gyros_lin_accel_game_rot_vec,1,1
remove_accelerometer_gravity_gyros_lin_accel_game_rot_vec,4,4
remove_accelerometer_gravity_gyros_lin_accel_game_rot_vec,2,1
remove_accelerometer_gravity_gyros_lin_accel_game_rot_vec,4,4
remove_accelerometer_gravity_gyros_lin_accel_game_rot_vec,5,5
remove_accelerometer_gravity_gyros_lin_accel_game_rot_vec,1,4
remove_accelerometer_gravity_gyros_lin_accel_game_rot_vec,4,4
remove_accelerometer_gravity_gyros_lin_accel_game_rot_vec,5,5
remove_accelerometer_gravity_gyros_lin_accel_game_rot_vec,1,1
remove_accelerometer_gravity_gyros_lin_accel_game_rot_vec,3,3
remove_accelerometer_gravity_gyros_lin_accel_game_rot_vec,5,5
remove_accelerometer_gravity_gyros_lin_accel_game_rot_vec,1,1
remove_accelerometer_gravity_gyros_lin_accel_game_rot_vec,3,3
remove_accelerometer_gravity_gyros_lin_accel_game_rot_vec,3,3
remove_accelerometer_gravity_gyros_lin_accel_game_rot_vec,3,3
remove_accelerometer_gravity_gyros_lin_accel_game_rot_vec,5,5
remove_accelerometer_gravity_gyros_lin_accel_game_rot_vec,5,5
remove_accelerometer_gravity_gyros_lin_accel_game_rot_vec,0,0
remove_accelerometer_gravity_gyros_lin_accel_game_rot_vec,2,2
remove_accelerometer_gravity_gyros_lin_accel_game_rot_vec,1,1
remove_accelerometer_gravity_gyros_lin_accel_game_rot_vec,0,0
remove_accelerometer_gravity_gyros_lin_accel_game_rot_vec,3,1
remove_accelerometer_gravity_gyros_lin_accel_game_rot_vec,5,5
remove_accelerometer_gravity_gyros_lin_accel_game_rot_vec,4,4
remove_accelerometer_gravity_gyros_lin_accel_game_rot_vec,5,5
remove_accelerometer_gravity_gyros_lin_accel_game_rot_vec,2,2
remove_accelerometer_gravity_gyros_lin_accel_game_rot_vec,2,2
remove_accelerometer_gravity_gyros_lin_accel_game_rot_vec,2,2
remove_accelerometer_gravity_gyros_lin_accel_game_rot_vec,3,2
remove_accelerometer_gravity_gyros_lin_accel_game_rot_vec,4,4
remove_accelerometer_gravity_gyros_lin_accel_game_rot_vec,0,0
remove_accelerometer_gravity_gyros_lin_accel_game_rot_vec,0,5
remove_accelerometer_gravity_gyros_lin_accel_game_rot_vec,0,0
remove_accelerometer_gravity_gyros_lin_accel_game_rot_vec,1,1
remove_accelerometer_gravity_gyros_lin_accel_game_rot_vec,4,5
remove_accelerometer_gravity_gyros_lin_accel_game_rot_vec,4,4
remove_accelerometer_gravity_gyros_lin_accel_game_rot_vec,3,4
remove_accelerometer_gravity_gyros_lin_accel_game_rot_vec,2,2
remove_accelerometer_gravity_gyros_lin_accel_game_rot_vec,5,5
remove_accelerometer_gravity_gyros_lin_accel_game_rot_vec,4,5
remove_accelerometer_gravity_gyros_lin_accel_game_rot_vec,2,5
remove_accelerometer_gravity_gyros_lin_accel_game_rot_vec,5,5
remove_accelerometer_gravity_gyros_lin_accel_game_rot_vec,5,5
remove_accelerometer_gravity_gyros_lin_accel_game_rot_vec,4,4
remove_accelerometer_gravity_gyros_lin_accel_game_rot_vec,1,1
remove_accelerometer_gravity_gyros_lin_accel_game_rot_vec,1,1
remove_accelerometer_gravity_gyros_lin_accel_game_rot_vec,2,3
remove_accelerometer_gravity_gyros_lin_accel_game_rot_vec,1,1
remove_accelerometer_gravity_gyros_lin_accel_game_rot_vec,1,1
remove_accelerometer_gravity_gyros_lin_accel_game_rot_vec,4,4
remove_accelerometer_gravity_gyros_lin_accel_game_rot_vec,3,3
remove_accelerometer_gravity_gyros_lin_accel_game_rot_vec,4,4
remove_accelerometer_gravity_gyros_lin_accel_magn_field,1,1
remove_accelerometer_gravity_gyros_lin_accel_magn_field,4,4
remove_accelerometer_gravity_gyros_lin_accel_magn_field,1,1
remove_accelerometer_gravity_gyros_lin_accel_magn_field,5,5
remove_accelerometer_gravity_gyros_lin_accel_magn_field,3,3
remove_accelerometer_gravity_gyros_lin_accel_magn_field,0,0
remove_accelerometer_gravity_gyros_lin_accel_magn_field,2,5
remove_accelerometer_gravity_gyros_lin_accel_magn_field,3,3
remove_accelerometer_gravity_gyros_lin_accel_magn_field,0,0
remove_accelerometer_gravity_gyros_lin_accel_magn_field,0,0
remove_accelerometer_gravity_gyros_lin_accel_magn_field,5,0
remove_accelerometer_gravity_gyros_lin_accel_magn_field,2,2
remove_accelerometer_gravity_gyros_lin_accel_magn_field,0,0
remove_accelerometer_gravity_gyros_lin_accel_magn_field,2,2
remove_accelerometer_gravity_gyros_lin_accel_magn_field,0,0
remove_accelerometer_gravity_gyros_lin_accel_magn_field,2,2
remove_accelerometer_gravity_gyros_lin_accel_magn_field,3,4
remove_accelerometer_gravity_gyros_lin_accel_magn_field,3,3
remove_accelerometer_gravity_gyros_lin_accel_magn_field,0,0
remove_accelerometer_gravity_gyros_lin_accel_magn_field,0,0
remove_accelerometer_gravity_gyros_lin_accel_magn_field,1,1
remove_accelerometer_gravity_gyros_lin_accel_magn_field,4,4
remove_accelerometer_gravity_gyros_lin_accel_magn_field,2,2
remove_accelerometer_gravity_gyros_lin_accel_magn_field,4,4
remove_accelerometer_gravity_gyros_lin_accel_magn_field,5,2
remove_accelerometer_gravity_gyros_lin_accel_magn_field,1,1
remove_accelerometer_gravity_gyros_lin_accel_magn_field,4,2
remove_accelerometer_gravity_gyros_lin_accel_magn_field,5,5
remove_accelerometer_gravity_gyros_lin_accel_magn_field,1,1
remove_accelerometer_gravity_gyros_lin_accel_magn_field,3,2
remove_accelerometer_gravity_gyros_lin_accel_magn_field,5,0
remove_accelerometer_gravity_gyros_lin_accel_magn_field,1,1
remove_accelerometer_gravity_gyros_lin_accel_magn_field,3,3
remove_accelerometer_gravity_gyros_lin_accel_magn_field,3,2
remove_accelerometer_gravity_gyros_lin_accel_magn_field,3,3
remove_accelerometer_gravity_gyros_lin_accel_magn_field,5,5
remove_accelerometer_gravity_gyros_lin_accel_magn_field,5,5
remove_accelerometer_gravity_gyros_lin_accel_magn_field,0,0
remove_accelerometer_gravity_gyros_lin_accel_magn_field,2,3
remove_accelerometer_gravity_gyros_lin_accel_magn_field,1,1
remove_accelerometer_gravity_gyros_lin_accel_magn_field,0,0
remove_accelerometer_gravity_gyros_lin_accel_magn_field,3,3
remove_accelerometer_gravity_gyros_lin_accel_magn_field,5,5
remove_accelerometer_gravity_gyros_lin_accel_magn_field,4,4
remove_accelerometer_gravity_gyros_lin_accel_magn_field,5,5
remove_accelerometer_gravity_gyros_lin_accel_magn_field,2,1
remove_accelerometer_gravity_gyros_lin_accel_magn_field,2,2
remove_accelerometer_gravity_gyros_lin_accel_magn_field,2,3
remove_accelerometer_gravity_gyros_lin_accel_magn_field,3,2
remove_accelerometer_gravity_gyros_lin_accel_magn_field,4,1
remove_accelerometer_gravity_gyros_lin_accel_magn_field,0,0
remove_accelerometer_gravity_gyros_lin_accel_magn_field,0,0
remove_accelerometer_gravity_gyros_lin_accel_magn_field,0,0
remove_accelerometer_gravity_gyros_lin_accel_magn_field,1,1
remove_accelerometer_gravity_gyros_lin_accel_magn_field,4,2
remove_accelerometer_gravity_gyros_lin_accel_magn_field,4,4
remove_accelerometer_gravity_gyros_lin_accel_magn_field,3,1
remove_accelerometer_gravity_gyros_lin_accel_magn_field,2,2
remove_accelerometer_gravity_gyros_lin_accel_magn_field,5,5
remove_accelerometer_gravity_gyros_lin_accel_magn_field,4,1
remove_accelerometer_gravity_gyros_lin_accel_magn_field,2,5
remove_accelerometer_gravity_gyros_lin_accel_magn_field,5,5
remove_accelerometer_gravity_gyros_lin_accel_magn_field,5,5
remove_accelerometer_gravity_gyros_lin_accel_magn_field,4,4
remove_accelerometer_gravity_gyros_lin_accel_magn_field,1,1
remove_accelerometer_gravity_gyros_lin_accel_magn_field,1,1
remove_accelerometer_gravity_gyros_lin_accel_magn_field,2,3
remove_accelerometer_gravity_gyros_lin_accel_magn_field,1,1
remove_accelerometer_gravity_gyros_lin_accel_magn_field,1,1
remove_accelerometer_gravity_gyros_lin_accel_magn_field,4,4
remove_accelerometer_gravity_gyros_lin_accel_magn_field,3,3
remove_accelerometer_gravity_gyros_lin_accel_magn_field,4,4
remove_accelerometer_gravity_gyros_game_rot_vec_magn_field,1,1
remove_accelerometer_gravity_gyros_game_rot_vec_magn_field,4,4
remove_accelerometer_gravity_gyros_game_rot_vec_magn_field,1,1
remove_accelerometer_gravity_gyros_game_rot_vec_magn_field,5,4
remove_accelerometer_gravity_gyros_game_rot_vec_magn_field,3,3
remove_accelerometer_gravity_gyros_game_rot_vec_magn_field,0,0
remove_accelerometer_gravity_gyros_game_rot_vec_magn_field,2,5
remove_accelerometer_gravity_gyros_game_rot_vec_magn_field,3,1
remove_accelerometer_gravity_gyros_game_rot_vec_magn_field,0,0
remove_accelerometer_gravity_gyros_game_rot_vec_magn_field,0,0
remove_accelerometer_gravity_gyros_game_rot_vec_magn_field,5,5
remove_accelerometer_gravity_gyros_game_rot_vec_magn_field,2,2
remove_accelerometer_gravity_gyros_game_rot_vec_magn_field,0,0
remove_accelerometer_gravity_gyros_game_rot_vec_magn_field,2,2
remove_accelerometer_gravity_gyros_game_rot_vec_magn_field,0,0
remove_accelerometer_gravity_gyros_game_rot_vec_magn_field,2,2
remove_accelerometer_gravity_gyros_game_rot_vec_magn_field,3,2
remove_accelerometer_gravity_gyros_game_rot_vec_magn_field,3,4
remove_accelerometer_gravity_gyros_game_rot_vec_magn_field,0,0
remove_accelerometer_gravity_gyros_game_rot_vec_magn_field,0,0
remove_accelerometer_gravity_gyros_game_rot_vec_magn_field,1,1
remove_accelerometer_gravity_gyros_game_rot_vec_magn_field,4,5
remove_accelerometer_gravity_gyros_game_rot_vec_magn_field,2,2
remove_accelerometer_gravity_gyros_game_rot_vec_magn_field,4,5
remove_accelerometer_gravity_gyros_game_rot_vec_magn_field,5,5
remove_accelerometer_gravity_gyros_game_rot_vec_magn_field,1,1
remove_accelerometer_gravity_gyros_game_rot_vec_magn_field,4,4
remove_accelerometer_gravity_gyros_game_rot_vec_magn_field,5,3
remove_accelerometer_gravity_gyros_game_rot_vec_magn_field,1,1
remove_accelerometer_gravity_gyros_game_rot_vec_magn_field,3,2
remove_accelerometer_gravity_gyros_game_rot_vec_magn_field,5,5
remove_accelerometer_gravity_gyros_game_rot_vec_magn_field,1,1
remove_accelerometer_gravity_gyros_game_rot_vec_magn_field,3,4
remove_accelerometer_gravity_gyros_game_rot_vec_magn_field,3,2
remove_accelerometer_gravity_gyros_game_rot_vec_magn_field,3,3
remove_accelerometer_gravity_gyros_game_rot_vec_magn_field,5,3
remove_accelerometer_gravity_gyros_game_rot_vec_magn_field,5,1
remove_accelerometer_gravity_gyros_game_rot_vec_magn_field,0,0
remove_accelerometer_gravity_gyros_game_rot_vec_magn_field,2,2
remove_accelerometer_gravity_gyros_game_rot_vec_magn_field,1,1
remove_accelerometer_gravity_gyros_game_rot_vec_magn_field,0,0
remove_accelerometer_gravity_gyros_game_rot_vec_magn_field,3,3
remove_accelerometer_gravity_gyros_game_rot_vec_magn_field,5,5
remove_accelerometer_gravity_gyros_game_rot_vec_magn_field,4,4
remove_accelerometer_gravity_gyros_game_rot_vec_magn_field,5,5
remove_accelerometer_gravity_gyros_game_rot_vec_magn_field,2,2
remove_accelerometer_gravity_gyros_game_rot_vec_magn_field,2,3
remove_accelerometer_gravity_gyros_game_rot_vec_magn_field,2,2
remove_accelerometer_gravity_gyros_game_rot_vec_magn_field,3,3
remove_accelerometer_gravity_gyros_game_rot_vec_magn_field,4,4
remove_accelerometer_gravity_gyros_game_rot_vec_magn_field,0,0
remove_accelerometer_gravity_gyros_game_rot_vec_magn_field,0,0
remove_accelerometer_gravity_gyros_game_rot_vec_magn_field,0,0
remove_accelerometer_gravity_gyros_game_rot_vec_magn_field,1,1
remove_accelerometer_gravity_gyros_game_rot_vec_magn_field,4,4
remove_accelerometer_gravity_gyros_game_rot_vec_magn_field,4,4
remove_accelerometer_gravity_gyros_game_rot_vec_magn_field,3,4
remove_accelerometer_gravity_gyros_game_rot_vec_magn_field,2,2
remove_accelerometer_gravity_gyros_game_rot_vec_magn_field,5,5
remove_accelerometer_gravity_gyros_game_rot_vec_magn_field,4,1
remove_accelerometer_gravity_gyros_game_rot_vec_magn_field,2,5
remove_accelerometer_gravity_gyros_game_rot_vec_magn_field,5,5
remove_accelerometer_gravity_gyros_game_rot_vec_magn_field,5,5
remove_accelerometer_gravity_gyros_game_rot_vec_magn_field,4,3
remove_accelerometer_gravity_gyros_game_rot_vec_magn_field,1,1
remove_accelerometer_gravity_gyros_game_rot_vec_magn_field,1,1
remove_accelerometer_gravity_gyros_game_rot_vec_magn_field,2,5
remove_accelerometer_gravity_gyros_game_rot_vec_magn_field,1,1
remove_accelerometer_gravity_gyros_game_rot_vec_magn_field,1,1
remove_accelerometer_gravity_gyros_game_rot_vec_magn_field,4,4
remove_accelerometer_gravity_gyros_game_rot_vec_magn_field,3,3
remove_accelerometer_gravity_gyros_game_rot_vec_magn_field,4,4
remove_accelerometer_gravity_lin_accel_game_rot_vec_magn_field,1,1
remove_accelerometer_gravity_lin_accel_game_rot_vec_magn_field,4,1
remove_accelerometer_gravity_lin_accel_game_rot_vec_magn_field,1,2
remove_accelerometer_gravity_lin_accel_game_rot_vec_magn_field,5,5
remove_accelerometer_gravity_lin_accel_game_rot_vec_magn_field,3,2
remove_accelerometer_gravity_lin_accel_game_rot_vec_magn_field,0,0
remove_accelerometer_gravity_lin_accel_game_rot_vec_magn_field,2,2
remove_accelerometer_gravity_lin_accel_game_rot_vec_magn_field,3,4
remove_accelerometer_gravity_lin_accel_game_rot_vec_magn_field,0,0
remove_accelerometer_gravity_lin_accel_game_rot_vec_magn_field,0,0
remove_accelerometer_gravity_lin_accel_game_rot_vec_magn_field,5,5
remove_accelerometer_gravity_lin_accel_game_rot_vec_magn_field,2,4
remove_accelerometer_gravity_lin_accel_game_rot_vec_magn_field,0,0
remove_accelerometer_gravity_lin_accel_game_rot_vec_magn_field,2,2
remove_accelerometer_gravity_lin_accel_game_rot_vec_magn_field,0,0
remove_accelerometer_gravity_lin_accel_game_rot_vec_magn_field,2,4
remove_accelerometer_gravity_lin_accel_game_rot_vec_magn_field,3,4
remove_accelerometer_gravity_lin_accel_game_rot_vec_magn_field,3,3
remove_accelerometer_gravity_lin_accel_game_rot_vec_magn_field,0,0
remove_accelerometer_gravity_lin_accel_game_rot_vec_magn_field,0,0
remove_accelerometer_gravity_lin_accel_game_rot_vec_magn_field,1,1
remove_accelerometer_gravity_lin_accel_game_rot_vec_magn_field,4,4
remove_accelerometer_gravity_lin_accel_game_rot_vec_magn_field,2,2
remove_accelerometer_gravity_lin_accel_game_rot_vec_magn_field,4,5
remove_accelerometer_gravity_lin_accel_game_rot_vec_magn_field,5,5
remove_accelerometer_gravity_lin_accel_game_rot_vec_magn_field,1,4
remove_accelerometer_gravity_lin_accel_game_rot_vec_magn_field,4,5
remove_accelerometer_gravity_lin_accel_game_rot_vec_magn_field,5,2
remove_accelerometer_gravity_lin_accel_game_rot_vec_magn_field,1,1
remove_accelerometer_gravity_lin_accel_game_rot_vec_magn_field,3,2
remove_accelerometer_gravity_lin_accel_game_rot_vec_magn_field,5,4
remove_accelerometer_gravity_lin_accel_game_rot_vec_magn_field,1,4
remove_accelerometer_gravity_lin_accel_game_rot_vec_magn_field,3,3
remove_accelerometer_gravity_lin_accel_game_rot_vec_magn_field,3,4
remove_accelerometer_gravity_lin_accel_game_rot_vec_magn_field,3,5
remove_accelerometer_gravity_lin_accel_game_rot_vec_magn_field,5,2
remove_accelerometer_gravity_lin_accel_game_rot_vec_magn_field,5,4
remove_accelerometer_gravity_lin_accel_game_rot_vec_magn_field,0,0
remove_accelerometer_gravity_lin_accel_game_rot_vec_magn_field,2,2
remove_accelerometer_gravity_lin_accel_game_rot_vec_magn_field,1,4
remove_accelerometer_gravity_lin_accel_game_rot_vec_magn_field,0,0
remove_accelerometer_gravity_lin_accel_game_rot_vec_magn_field,3,2
remove_accelerometer_gravity_lin_accel_game_rot_vec_magn_field,5,1
remove_accelerometer_gravity_lin_accel_game_rot_vec_magn_field,4,1
remove_accelerometer_gravity_lin_accel_game_rot_vec_magn_field,5,2
remove_accelerometer_gravity_lin_accel_game_rot_vec_magn_field,2,1
remove_accelerometer_gravity_lin_accel_game_rot_vec_magn_field,2,2
remove_accelerometer_gravity_lin_accel_game_rot_vec_magn_field,2,2
remove_accelerometer_gravity_lin_accel_game_rot_vec_magn_field,3,2
remove_accelerometer_gravity_lin_accel_game_rot_vec_magn_field,4,4
remove_accelerometer_gravity_lin_accel_game_rot_vec_magn_field,0,0
remove_accelerometer_gravity_lin_accel_game_rot_vec_magn_field,0,0
remove_accelerometer_gravity_lin_accel_game_rot_vec_magn_field,0,0
remove_accelerometer_gravity_lin_accel_game_rot_vec_magn_field,1,1
remove_accelerometer_gravity_lin_accel_game_rot_vec_magn_field,4,2
remove_accelerometer_gravity_lin_accel_game_rot_vec_magn_field,4,4
remove_accelerometer_gravity_lin_accel_game_rot_vec_magn_field,3,4
remove_accelerometer_gravity_lin_accel_game_rot_vec_magn_field,2,2
remove_accelerometer_gravity_lin_accel_game_rot_vec_magn_field,5,5
remove_accelerometer_gravity_lin_accel_game_rot_vec_magn_field,4,1
remove_accelerometer_gravity_lin_accel_game_rot_vec_magn_field,2,5
remove_accelerometer_gravity_lin_accel_game_rot_vec_magn_field,5,2
remove_accelerometer_gravity_lin_accel_game_rot_vec_magn_field,5,5
remove_accelerometer_gravity_lin_accel_game_rot_vec_magn_field,4,5
remove_accelerometer_gravity_lin_accel_game_rot_vec_magn_field,1,1
remove_accelerometer_gravity_lin_accel_game_rot_vec_magn_field,1,1
remove_accelerometer_gravity_lin_accel_game_rot_vec_magn_field,2,5
remove_accelerometer_gravity_lin_accel_game_rot_vec_magn_field,1,1
remove_accelerometer_gravity_lin_accel_game_rot_vec_magn_field,1,1
remove_accelerometer_gravity_lin_accel_game_rot_vec_magn_field,4,1
remove_accelerometer_gravity_lin_accel_game_rot_vec_magn_field,3,5
remove_accelerometer_gravity_lin_accel_game_rot_vec_magn_field,4,4
remove_accelerometer_gyros_lin_accel_game_rot_vec_magn_field,1,1
remove_accelerometer_gyros_lin_accel_game_rot_vec_magn_field,4,4
remove_accelerometer_gyros_lin_accel_game_rot_vec_magn_field,1,1
remove_accelerometer_gyros_lin_accel_game_rot_vec_magn_field,5,5
remove_accelerometer_gyros_lin_accel_game_rot_vec_magn_field,3,3
remove_accelerometer_gyros_lin_accel_game_rot_vec_magn_field,0,0
remove_accelerometer_gyros_lin_accel_game_rot_vec_magn_field,2,5
remove_accelerometer_gyros_lin_accel_game_rot_vec_magn_field,3,3
remove_accelerometer_gyros_lin_accel_game_rot_vec_magn_field,0,0
remove_accelerometer_gyros_lin_accel_game_rot_vec_magn_field,0,0
remove_accelerometer_gyros_lin_accel_game_rot_vec_magn_field,5,5
remove_accelerometer_gyros_lin_accel_game_rot_vec_magn_field,2,2
remove_accelerometer_gyros_lin_accel_game_rot_vec_magn_field,0,0
remove_accelerometer_gyros_lin_accel_game_rot_vec_magn_field,2,2
remove_accelerometer_gyros_lin_accel_game_rot_vec_magn_field,0,0
remove_accelerometer_gyros_lin_accel_game_rot_vec_magn_field,2,2
remove_accelerometer_gyros_lin_accel_game_rot_vec_magn_field,3,2
remove_accelerometer_gyros_lin_accel_game_rot_vec_magn_field,3,2
remove_accelerometer_gyros_lin_accel_game_rot_vec_magn_field,0,0
remove_accelerometer_gyros_lin_accel_game_rot_vec_magn_field,0,0
remove_accelerometer_gyros_lin_accel_game_rot_vec_magn_field,1,1
remove_accelerometer_gyros_lin_accel_game_rot_vec_magn_field,4,4
remove_accelerometer_gyros_lin_accel_game_rot_vec_magn_field,2,2
remove_accelerometer_gyros_lin_accel_game_rot_vec_magn_field,4,4
remove_accelerometer_gyros_lin_accel_game_rot_vec_magn_field,5,5
remove_accelerometer_gyros_lin_accel_game_rot_vec_magn_field,1,1
remove_accelerometer_gyros_lin_accel_game_rot_vec_magn_field,4,4
remove_accelerometer_gyros_lin_accel_game_rot_vec_magn_field,5,5
remove_accelerometer_gyros_lin_accel_game_rot_vec_magn_field,1,1
remove_accelerometer_gyros_lin_accel_game_rot_vec_magn_field,3,2
remove_accelerometer_gyros_lin_accel_game_rot_vec_magn_field,5,5
remove_accelerometer_gyros_lin_accel_game_rot_vec_magn_field,1,1
remove_accelerometer_gyros_lin_accel_game_rot_vec_magn_field,3,3
remove_accelerometer_gyros_lin_accel_game_rot_vec_magn_field,3,2
remove_accelerometer_gyros_lin_accel_game_rot_vec_magn_field,3,3
remove_accelerometer_gyros_lin_accel_game_rot_vec_magn_field,5,5
remove_accelerometer_gyros_lin_accel_game_rot_vec_magn_field,5,5
remove_accelerometer_gyros_lin_accel_game_rot_vec_magn_field,0,0
remove_accelerometer_gyros_lin_accel_game_rot_vec_magn_field,2,2
remove_accelerometer_gyros_lin_accel_game_rot_vec_magn_field,1,1
remove_accelerometer_gyros_lin_accel_game_rot_vec_magn_field,0,0
remove_accelerometer_gyros_lin_accel_game_rot_vec_magn_field,3,3
remove_accelerometer_gyros_lin_accel_game_rot_vec_magn_field,5,5
remove_accelerometer_gyros_lin_accel_game_rot_vec_magn_field,4,4
remove_accelerometer_gyros_lin_accel_game_rot_vec_magn_field,5,5
remove_accelerometer_gyros_lin_accel_game_rot_vec_magn_field,2,2
remove_accelerometer_gyros_lin_accel_game_rot_vec_magn_field,2,2
remove_accelerometer_gyros_lin_accel_game_rot_vec_magn_field,2,2
remove_accelerometer_gyros_lin_accel_game_rot_vec_magn_field,3,2
remove_accelerometer_gyros_lin_accel_game_rot_vec_magn_field,4,4
remove_accelerometer_gyros_lin_accel_game_rot_vec_magn_field,0,0
remove_accelerometer_gyros_lin_accel_game_rot_vec_magn_field,0,0
remove_accelerometer_gyros_lin_accel_game_rot_vec_magn_field,0,0
remove_accelerometer_gyros_lin_accel_game_rot_vec_magn_field,1,1
remove_accelerometer_gyros_lin_accel_game_rot_vec_magn_field,4,5
remove_accelerometer_gyros_lin_accel_game_rot_vec_magn_field,4,4
remove_accelerometer_gyros_lin_accel_game_rot_vec_magn_field,3,4
remove_accelerometer_gyros_lin_accel_game_rot_vec_magn_field,2,2
remove_accelerometer_gyros_lin_accel_game_rot_vec_magn_field,5,5
remove_accelerometer_gyros_lin_accel_game_rot_vec_magn_field,4,1
remove_accelerometer_gyros_lin_accel_game_rot_vec_magn_field,2,5
remove_accelerometer_gyros_lin_accel_game_rot_vec_magn_field,5,5
remove_accelerometer_gyros_lin_accel_game_rot_vec_magn_field,5,5
remove_accelerometer_gyros_lin_accel_game_rot_vec_magn_field,4,4
remove_accelerometer_gyros_lin_accel_game_rot_vec_magn_field,1,1
remove_accelerometer_gyros_lin_accel_game_rot_vec_magn_field,1,1
remove_accelerometer_gyros_lin_accel_game_rot_vec_magn_field,2,2
remove_accelerometer_gyros_lin_accel_game_rot_vec_magn_field,1,1
remove_accelerometer_gyros_lin_accel_game_rot_vec_magn_field,1,1
remove_accelerometer_gyros_lin_accel_game_rot_vec_magn_field,4,4
remove_accelerometer_gyros_lin_accel_game_rot_vec_magn_field,3,3
remove_accelerometer_gyros_lin_accel_game_rot_vec_magn_field,4,4
remove_gravity_gyros_lin_accel_game_rot_vec_magn_field,1,1
remove_gravity_gyros_lin_accel_game_rot_vec_magn_field,4,4
remove_gravity_gyros_lin_accel_game_rot_vec_magn_field,1,1
remove_gravity_gyros_lin_accel_game_rot_vec_magn_field,5,1
remove_gravity_gyros_lin_accel_game_rot_vec_magn_field,3,3
remove_gravity_gyros_lin_accel_game_rot_vec_magn_field,0,0
remove_gravity_gyros_lin_accel_game_rot_vec_magn_field,2,5
remove_gravity_gyros_lin_accel_game_rot_vec_magn_field,3,2
remove_gravity_gyros_lin_accel_game_rot_vec_magn_field,0,0
remove_gravity_gyros_lin_accel_game_rot_vec_magn_field,0,0
remove_gravity_gyros_lin_accel_game_rot_vec_magn_field,5,5
remove_gravity_gyros_lin_accel_game_rot_vec_magn_field,2,2
remove_gravity_gyros_lin_accel_game_rot_vec_magn_field,0,0
remove_gravity_gyros_lin_accel_game_rot_vec_magn_field,2,2
remove_gravity_gyros_lin_accel_game_rot_vec_magn_field,0,0
remove_gravity_gyros_lin_accel_game_rot_vec_magn_field,2,2
remove_gravity_gyros_lin_accel_game_rot_vec_magn_field,3,1
remove_gravity_gyros_lin_accel_game_rot_vec_magn_field,3,3
remove_gravity_gyros_lin_accel_game_rot_vec_magn_field,0,0
remove_gravity_gyros_lin_accel_game_rot_vec_magn_field,0,0
remove_gravity_gyros_lin_accel_game_rot_vec_magn_field,1,1
remove_gravity_gyros_lin_accel_game_rot_vec_magn_field,4,4
remove_gravity_gyros_lin_accel_game_rot_vec_magn_field,2,2
remove_gravity_gyros_lin_accel_game_rot_vec_magn_field,4,4
remove_gravity_gyros_lin_accel_game_rot_vec_magn_field,5,5
remove_gravity_gyros_lin_accel_game_rot_vec_magn_field,1,1
remove_gravity_gyros_lin_accel_game_rot_vec_magn_field,4,4
remove_gravity_gyros_lin_accel_game_rot_vec_magn_field,5,5
remove_gravity_gyros_lin_accel_game_rot_vec_magn_field,1,1
remove_gravity_gyros_lin_accel_game_rot_vec_magn_field,3,2
remove_gravity_gyros_lin_accel_game_rot_vec_magn_field,5,5
remove_gravity_gyros_lin_accel_game_rot_vec_magn_field,1,1
remove_gravity_gyros_lin_accel_game_rot_vec_magn_field,3,3
remove_gravity_gyros_lin_accel_game_rot_vec_magn_field,3,3
remove_gravity_gyros_lin_accel_game_rot_vec_magn_field,3,1
remove_gravity_gyros_lin_accel_game_rot_vec_magn_field,5,4
remove_gravity_gyros_lin_accel_game_rot_vec_magn_field,5,4
remove_gravity_gyros_lin_accel_game_rot_vec_magn_field,0,0
remove_gravity_gyros_lin_accel_game_rot_vec_magn_field,2,2
remove_gravity_gyros_lin_accel_game_rot_vec_magn_field,1,1
remove_gravity_gyros_lin_accel_game_rot_vec_magn_field,0,0
remove_gravity_gyros_lin_accel_game_rot_vec_magn_field,3,2
remove_gravity_gyros_lin_accel_game_rot_vec_magn_field,5,5
remove_gravity_gyros_lin_accel_game_rot_vec_magn_field,4,4
remove_gravity_gyros_lin_accel_game_rot_vec_magn_field,5,5
remove_gravity_gyros_lin_accel_game_rot_vec_magn_field,2,2
remove_gravity_gyros_lin_accel_game_rot_vec_magn_field,2,2
remove_gravity_gyros_lin_accel_game_rot_vec_magn_field,2,1
remove_gravity_gyros_lin_accel_game_rot_vec_magn_field,3,3
remove_gravity_gyros_lin_accel_game_rot_vec_magn_field,4,4
remove_gravity_gyros_lin_accel_game_rot_vec_magn_field,0,0
remove_gravity_gyros_lin_accel_game_rot_vec_magn_field,0,0
remove_gravity_gyros_lin_accel_game_rot_vec_magn_field,0,0
remove_gravity_gyros_lin_accel_game_rot_vec_magn_field,1,1
remove_gravity_gyros_lin_accel_game_rot_vec_magn_field,4,5
remove_gravity_gyros_lin_accel_game_rot_vec_magn_field,4,4
remove_gravity_gyros_lin_accel_game_rot_vec_magn_field,3,4
remove_gravity_gyros_lin_accel_game_rot_vec_magn_field,2,2
remove_gravity_gyros_lin_accel_game_rot_vec_magn_field,5,5
remove_gravity_gyros_lin_accel_game_rot_vec_magn_field,4,5
remove_gravity_gyros_lin_accel_game_rot_vec_magn_field,2,5
remove_gravity_gyros_lin_accel_game_rot_vec_magn_field,5,5
remove_gravity_gyros_lin_accel_game_rot_vec_magn_field,5,5
remove_gravity_gyros_lin_accel_game_rot_vec_magn_field,4,4
remove_gravity_gyros_lin_accel_game_rot_vec_magn_field,1,1
remove_gravity_gyros_lin_accel_game_rot_vec_magn_field,1,1
remove_gravity_gyros_lin_accel_game_rot_vec_magn_field,2,2
remove_gravity_gyros_lin_accel_game_rot_vec_magn_field,1,1
remove_gravity_gyros_lin_accel_game_rot_vec_magn_field,1,1
remove_gravity_gyros_lin_accel_game_rot_vec_magn_field,4,4
remove_gravity_gyros_lin_accel_game_rot_vec_magn_field,3,2
remove_gravity_gyros_lin_accel_game_rot_vec_magn_field,4,4
